SPY;2007-01-03;141.37;105.74
SPY;2007-01-04;141.67;105.96
SPY;2007-01-05;140.54;105.12
SPY;2007-01-08;141.19;105.6
SPY;2007-01-09;141.07;105.51
SPY;2007-01-10;141.54;105.87
SPY;2007-01-11;142.16;106.33
SPY;2007-01-12;143.24;107.14
SPY;2007-01-16;142.96;106.93
SPY;2007-01-17;143.02;106.97
SPY;2007-01-18;142.54;106.61
SPY;2007-01-19;142.82;106.82
SPY;2007-01-22;142.38;106.49
SPY;2007-01-23;142.8;106.81
SPY;2007-01-24;143.95;107.67
SPY;2007-01-25;142.26;106.4
SPY;2007-01-26;142.13;106.31
SPY;2007-01-29;142.05;106.25
SPY;2007-01-30;142.79;106.8
SPY;2007-01-31;143.75;107.52
SPY;2007-02-01;144.61;108.16
SPY;2007-02-02;144.81;108.31
SPY;2007-02-05;144.85;108.34
SPY;2007-02-06;144.89;108.37
SPY;2007-02-07;145.21;108.61
SPY;2007-02-08;145.02;108.47
SPY;2007-02-09;143.94;107.66
SPY;2007-02-12;143.45;107.29
SPY;2007-02-13;144.66;108.2
SPY;2007-02-14;145.61;108.91
SPY;2007-02-15;145.8;109.05
SPY;2007-02-16;145.73;109.0
SPY;2007-02-20;146.04;109.23
SPY;2007-02-21;145.98;109.19
SPY;2007-02-22;145.87;109.1
SPY;2007-02-23;145.3;108.68
SPY;2007-02-26;145.17;108.58
SPY;2007-02-27;139.5;104.34
SPY;2007-02-28;140.93;105.41
SPY;2007-03-01;140.51;105.1
SPY;2007-03-02;138.67;103.72
SPY;2007-03-05;137.35;102.73
SPY;2007-03-06;139.7;104.49
SPY;2007-03-07;139.56;104.38
SPY;2007-03-08;140.74;105.27
SPY;2007-03-09;140.78;105.3
SPY;2007-03-12;140.99;105.45
SPY;2007-03-13;138.25;103.41
SPY;2007-03-14;139.28;104.18
SPY;2007-03-15;139.47;104.32
SPY;2007-03-16;138.53;104.03
SPY;2007-03-19;140.2;105.28
SPY;2007-03-20;140.97;105.86
SPY;2007-03-21;143.29;107.6
SPY;2007-03-22;143.18;107.52
SPY;2007-03-23;143.39;107.68
SPY;2007-03-26;143.2;107.53
SPY;2007-03-27;142.86;107.28
SPY;2007-03-28;141.82;106.5
SPY;2007-03-29;141.97;106.61
SPY;2007-03-30;142.0;106.63
SPY;2007-04-02;142.16;106.75
SPY;2007-04-03;143.69;107.9
SPY;2007-04-04;143.85;108.02
SPY;2007-04-05;144.24;108.31
SPY;2007-04-09;144.44;108.46
SPY;2007-04-10;144.61;108.59
SPY;2007-04-11;144.02;108.15
SPY;2007-04-12;144.66;108.63
SPY;2007-04-13;145.32;109.13
SPY;2007-04-16;146.7;110.16
SPY;2007-04-17;147.09;110.45
SPY;2007-04-18;147.27;110.59
SPY;2007-04-19;147.23;110.56
SPY;2007-04-20;148.62;111.6
SPY;2007-04-23;148.06;111.18
SPY;2007-04-24;148.12;111.23
SPY;2007-04-25;149.48;112.25
SPY;2007-04-26;149.65;112.38
SPY;2007-04-27;149.53;112.29
SPY;2007-04-30;148.29;111.36
SPY;2007-05-01;148.67;111.64
SPY;2007-05-02;149.54;112.29
SPY;2007-05-03;150.35;112.9
SPY;2007-05-04;150.92;113.33
SPY;2007-05-07;150.95;113.35
SPY;2007-05-08;150.75;113.2
SPY;2007-05-09;151.16;113.51
SPY;2007-05-10;149.58;112.32
SPY;2007-05-11;150.86;113.29
SPY;2007-05-14;150.53;113.04
SPY;2007-05-15;150.57;113.07
SPY;2007-05-16;151.6;113.84
SPY;2007-05-17;151.3;113.62
SPY;2007-05-18;152.62;114.61
SPY;2007-05-21;152.54;114.55
SPY;2007-05-22;152.42;114.46
SPY;2007-05-23;152.44;114.47
SPY;2007-05-24;151.06;113.44
SPY;2007-05-25;151.69;113.91
SPY;2007-05-29;152.24;114.32
SPY;2007-05-30;153.48;115.25
SPY;2007-05-31;153.32;115.13
SPY;2007-06-01;154.08;115.7
SPY;2007-06-04;154.1;115.72
SPY;2007-06-05;153.49;115.26
SPY;2007-06-06;151.84;114.02
SPY;2007-06-07;149.1;111.96
SPY;2007-06-08;151.04;113.42
SPY;2007-06-11;151.3;113.62
SPY;2007-06-12;149.65;112.38
SPY;2007-06-13;151.89;114.06
SPY;2007-06-14;152.86;114.79
SPY;2007-06-15;153.07;115.44
SPY;2007-06-18;152.89;115.3
SPY;2007-06-19;153.27;115.59
SPY;2007-06-20;151.14;113.98
SPY;2007-06-21;151.98;114.62
SPY;2007-06-22;150.55;113.54
SPY;2007-06-25;149.83;112.99
SPY;2007-06-26;148.29;111.83
SPY;2007-06-27;150.4;113.42
SPY;2007-06-28;150.38;113.41
SPY;2007-06-29;150.43;113.45
SPY;2007-07-02;151.79;114.47
SPY;2007-07-03;152.34;114.89
SPY;2007-07-05;152.18;114.77
SPY;2007-07-06;152.98;115.37
SPY;2007-07-09;153.1;115.46
SPY;2007-07-10;150.92;113.82
SPY;2007-07-11;151.99;114.62
SPY;2007-07-12;154.39;116.43
SPY;2007-07-13;154.85;116.78
SPY;2007-07-16;154.83;116.77
SPY;2007-07-17;154.75;116.7
SPY;2007-07-18;154.47;116.49
SPY;2007-07-19;155.07;116.95
SPY;2007-07-20;153.5;115.76
SPY;2007-07-23;153.97;116.12
SPY;2007-07-24;151.3;114.1
SPY;2007-07-25;151.61;114.34
SPY;2007-07-26;148.02;111.63
SPY;2007-07-27;145.11;109.43
SPY;2007-07-30;147.38;111.15
SPY;2007-07-31;145.72;109.89
SPY;2007-08-01;146.43;110.43
SPY;2007-08-02;147.6;111.31
SPY;2007-08-03;143.8;108.45
SPY;2007-08-06;146.21;110.26
SPY;2007-08-07;147.77;111.44
SPY;2007-08-08;149.83;112.99
SPY;2007-08-09;145.39;109.65
SPY;2007-08-10;144.71;109.13
SPY;2007-08-13;145.23;109.53
SPY;2007-08-14;143.01;107.85
SPY;2007-08-15;141.04;106.37
SPY;2007-08-16;142.1;107.16
SPY;2007-08-17;144.71;109.13
SPY;2007-08-20;144.64;109.08
SPY;2007-08-21;144.93;109.3
SPY;2007-08-22;146.65;110.6
SPY;2007-08-23;146.52;110.5
SPY;2007-08-24;148.33;111.86
SPY;2007-08-27;146.95;110.82
SPY;2007-08-28;143.72;108.39
SPY;2007-08-29;146.54;110.51
SPY;2007-08-30;146.15;110.22
SPY;2007-08-31;147.59;111.31
SPY;2007-09-04;149.08;112.43
SPY;2007-09-05;147.79;111.46
SPY;2007-09-06;148.13;111.71
SPY;2007-09-07;146.07;110.16
SPY;2007-09-10;145.79;109.95
SPY;2007-09-11;147.49;111.23
SPY;2007-09-12;147.87;111.52
SPY;2007-09-13;148.91;112.3
SPY;2007-09-14;148.9;112.29
SPY;2007-09-17;148.1;111.69
SPY;2007-09-18;152.46;114.98
SPY;2007-09-19;153.36;115.66
SPY;2007-09-20;152.28;114.84
SPY;2007-09-21;151.97;115.15
SPY;2007-09-24;151.69;114.94
SPY;2007-09-25;151.39;114.71
SPY;2007-09-26;152.19;115.32
SPY;2007-09-27;153.09;116.0
SPY;2007-09-28;152.58;115.61
SPY;2007-10-01;154.3;116.92
SPY;2007-10-02;154.09;116.76
SPY;2007-10-03;153.78;116.52
SPY;2007-10-04;154.02;116.7
SPY;2007-10-05;155.85;118.09
SPY;2007-10-08;155.02;117.46
SPY;2007-10-09;156.48;118.57
SPY;2007-10-10;156.22;118.37
SPY;2007-10-11;155.47;117.8
SPY;2007-10-12;156.33;118.45
SPY;2007-10-15;155.01;117.45
SPY;2007-10-16;153.78;116.52
SPY;2007-10-17;154.25;116.88
SPY;2007-10-18;153.69;116.45
SPY;2007-10-19;149.67;113.41
SPY;2007-10-22;150.54;114.07
SPY;2007-10-23;151.76;114.99
SPY;2007-10-24;151.48;114.78
SPY;2007-10-25;151.84;115.05
SPY;2007-10-26;153.62;116.4
SPY;2007-10-29;154.13;116.79
SPY;2007-10-30;153.06;115.98
SPY;2007-10-31;154.65;117.18
SPY;2007-11-01;151.03;114.44
SPY;2007-11-02;151.2;114.57
SPY;2007-11-05;150.05;113.7
SPY;2007-11-06;152.07;115.23
SPY;2007-11-07;147.91;112.07
SPY;2007-11-08;147.16;111.51
SPY;2007-11-09;145.14;109.98
SPY;2007-11-12;143.7;108.88
SPY;2007-11-13;148.08;112.2
SPY;2007-11-14;147.67;111.89
SPY;2007-11-15;145.54;110.28
SPY;2007-11-16;145.79;110.47
SPY;2007-11-19;143.76;108.93
SPY;2007-11-20;144.64;109.6
SPY;2007-11-21;141.68;107.35
SPY;2007-11-23;144.13;109.21
SPY;2007-11-26;140.95;106.8
SPY;2007-11-27;142.57;108.03
SPY;2007-11-28;147.13;111.48
SPY;2007-11-29;147.18;111.52
SPY;2007-11-30;148.66;112.64
SPY;2007-12-03;147.68;111.9
SPY;2007-12-04;146.36;110.9
SPY;2007-12-05;148.81;112.76
SPY;2007-12-06;150.94;114.37
SPY;2007-12-07;150.91;114.35
SPY;2007-12-10;152.08;115.23
SPY;2007-12-11;147.91;112.07
SPY;2007-12-12;149.37;113.18
SPY;2007-12-13;149.06;112.95
SPY;2007-12-14;147.17;111.51
SPY;2007-12-17;145.07;109.92
SPY;2007-12-18;145.88;110.54
SPY;2007-12-19;145.88;110.54
SPY;2007-12-20;146.8;111.23
SPY;2007-12-21;148.13;112.83
SPY;2007-12-24;149.23;113.67
SPY;2007-12-26;149.55;113.91
SPY;2007-12-27;147.67;112.48
SPY;2007-12-28;147.3;112.2
SPY;2007-12-31;146.21;111.37
SPY;2008-01-02;144.93;110.39
SPY;2008-01-03;144.86;110.34
SPY;2008-01-04;141.31;107.63
SPY;2008-01-07;141.19;107.54
SPY;2008-01-08;138.91;105.81
SPY;2008-01-09;140.37;106.92
SPY;2008-01-10;141.29;107.62
SPY;2008-01-11;140.15;106.75
SPY;2008-01-14;141.28;107.61
SPY;2008-01-15;138.17;105.24
SPY;2008-01-16;136.98;104.34
SPY;2008-01-17;133.43;101.63
SPY;2008-01-18;132.06;100.59
SPY;2008-01-22;130.72;99.57
SPY;2008-01-23;133.86;101.96
SPY;2008-01-24;134.99;102.82
SPY;2008-01-25;133.04;101.33
SPY;2008-01-28;135.24;103.01
SPY;2008-01-29;135.91;103.52
SPY;2008-01-30;134.91;102.76
SPY;2008-01-31;137.37;104.63
SPY;2008-02-01;139.58;106.32
SPY;2008-02-04;137.82;104.98
SPY;2008-02-05;134.13;102.16
SPY;2008-02-06;133.05;101.34
SPY;2008-02-07;133.93;102.01
SPY;2008-02-08;133.07;101.36
SPY;2008-02-11;133.75;101.88
SPY;2008-02-12;134.99;102.82
SPY;2008-02-13;136.37;103.87
SPY;2008-02-14;135.17;102.96
SPY;2008-02-15;135.14;102.93
SPY;2008-02-19;135.52;103.22
SPY;2008-02-20;135.92;103.53
SPY;2008-02-21;134.79;102.67
SPY;2008-02-22;135.62;103.3
SPY;2008-02-25;137.33;104.6
SPY;2008-02-26;138.36;105.39
SPY;2008-02-27;138.22;105.28
SPY;2008-02-28;136.87;104.25
SPY;2008-02-29;133.82;101.93
SPY;2008-03-03;133.5;101.68
SPY;2008-03-04;132.99;101.3
SPY;2008-03-05;133.83;101.94
SPY;2008-03-06;131.06;99.83
SPY;2008-03-07;129.71;98.8
SPY;2008-03-10;128.0;97.5
SPY;2008-03-11;132.6;101.0
SPY;2008-03-12;131.36;100.05
SPY;2008-03-13;131.65;100.28
SPY;2008-03-14;129.61;98.72
SPY;2008-03-17;128.3;97.72
SPY;2008-03-18;133.63;101.78
SPY;2008-03-19;130.32;99.26
SPY;2008-03-20;132.08;101.09
SPY;2008-03-24;134.72;103.11
SPY;2008-03-25;134.85;103.21
SPY;2008-03-26;133.2;101.95
SPY;2008-03-27;132.78;101.63
SPY;2008-03-28;131.51;100.66
SPY;2008-03-31;131.97;101.01
SPY;2008-04-01;136.61;104.56
SPY;2008-04-02;136.7;104.63
SPY;2008-04-03;137.04;104.89
SPY;2008-04-04;136.89;104.77
SPY;2008-04-07;136.96;104.83
SPY;2008-04-08;136.82;104.72
SPY;2008-04-09;135.83;103.96
SPY;2008-04-10;136.02;104.11
SPY;2008-04-11;133.38;102.09
SPY;2008-04-14;132.93;101.74
SPY;2008-04-15;133.24;101.98
SPY;2008-04-16;136.85;104.74
SPY;2008-04-17;137.05;104.9
SPY;2008-04-18;138.48;105.99
SPY;2008-04-21;138.55;106.04
SPY;2008-04-22;137.94;105.58
SPY;2008-04-23;137.72;105.41
SPY;2008-04-24;138.32;105.87
SPY;2008-04-25;139.6;106.85
SPY;2008-04-28;139.63;106.87
SPY;2008-04-29;139.08;106.45
SPY;2008-04-30;138.26;105.82
SPY;2008-05-01;141.12;108.01
SPY;2008-05-02;141.51;108.31
SPY;2008-05-05;140.83;107.79
SPY;2008-05-06;142.05;108.72
SPY;2008-05-07;139.52;106.79
SPY;2008-05-08;139.16;106.51
SPY;2008-05-09;138.9;106.31
SPY;2008-05-12;140.46;107.51
SPY;2008-05-13;140.48;107.52
SPY;2008-05-14;140.77;107.74
SPY;2008-05-15;142.53;109.09
SPY;2008-05-16;142.66;109.19
SPY;2008-05-19;143.05;109.49
SPY;2008-05-20;141.89;108.6
SPY;2008-05-21;139.49;106.76
SPY;2008-05-22;139.51;106.78
SPY;2008-05-23;137.64;105.35
SPY;2008-05-27;138.66;106.13
SPY;2008-05-28;139.3;106.62
SPY;2008-05-29;140.0;107.15
SPY;2008-05-30;140.35;107.42
SPY;2008-06-02;138.9;106.31
SPY;2008-06-03;138.09;105.69
SPY;2008-06-04;138.02;105.64
SPY;2008-06-05;140.78;107.75
SPY;2008-06-06;136.29;104.31
SPY;2008-06-09;136.62;104.57
SPY;2008-06-10;135.94;104.05
SPY;2008-06-11;133.94;102.52
SPY;2008-06-12;134.45;102.91
SPY;2008-06-13;136.15;104.21
SPY;2008-06-16;136.23;104.27
SPY;2008-06-17;135.57;103.76
SPY;2008-06-18;134.25;102.75
SPY;2008-06-19;134.42;102.88
SPY;2008-06-20;131.58;101.22
SPY;2008-06-23;131.45;101.12
SPY;2008-06-24;131.19;100.92
SPY;2008-06-25;131.81;101.4
SPY;2008-06-26;128.23;98.64
SPY;2008-06-27;127.53;98.11
SPY;2008-06-30;127.98;98.45
SPY;2008-07-01;128.38;98.76
SPY;2008-07-02;126.18;97.07
SPY;2008-07-03;126.31;97.17
SPY;2008-07-07;125.02;96.18
SPY;2008-07-08;127.24;97.88
SPY;2008-07-09;124.79;96.0
SPY;2008-07-10;125.3;96.39
SPY;2008-07-11;123.84;95.27
SPY;2008-07-14;122.72;94.41
SPY;2008-07-15;120.99;93.07
SPY;2008-07-16;123.96;95.36
SPY;2008-07-17;125.2;96.31
SPY;2008-07-18;125.98;96.91
SPY;2008-07-21;126.05;96.97
SPY;2008-07-22;127.48;98.07
SPY;2008-07-23;128.17;98.6
SPY;2008-07-24;125.51;96.55
SPY;2008-07-25;125.48;96.53
SPY;2008-07-28;123.64;95.11
SPY;2008-07-29;126.28;97.14
SPY;2008-07-30;128.53;98.88
SPY;2008-07-31;126.83;97.57
SPY;2008-08-01;126.16;97.05
SPY;2008-08-04;124.99;96.15
SPY;2008-08-05;128.36;98.74
SPY;2008-08-06;128.93;99.18
SPY;2008-08-07;127.01;97.71
SPY;2008-08-08;129.37;99.52
SPY;2008-08-11;130.71;100.55
SPY;2008-08-12;129.35;99.51
SPY;2008-08-13;128.57;98.91
SPY;2008-08-14;129.54;99.65
SPY;2008-08-15;130.17;100.14
SPY;2008-08-18;128.39;98.77
SPY;2008-08-19;126.99;97.69
SPY;2008-08-20;127.58;98.14
SPY;2008-08-21;127.8;98.31
SPY;2008-08-22;129.65;99.74
SPY;2008-08-25;127.02;97.71
SPY;2008-08-26;127.39;98.0
SPY;2008-08-27;128.63;98.95
SPY;2008-08-28;130.19;100.15
SPY;2008-08-29;128.79;99.08
SPY;2008-09-02;127.99;98.46
SPY;2008-09-03;127.88;98.38
SPY;2008-09-04;124.03;95.41
SPY;2008-09-05;124.42;95.71
SPY;2008-09-08;126.99;97.69
SPY;2008-09-09;123.22;94.79
SPY;2008-09-10;123.72;95.18
SPY;2008-09-11;125.51;96.55
SPY;2008-09-12;126.09;97.0
SPY;2008-09-15;120.09;92.38
SPY;2008-09-16;122.1;93.93
SPY;2008-09-17;116.61;89.71
SPY;2008-09-18;120.07;92.37
SPY;2008-09-19;124.12;96.01
SPY;2008-09-22;121.31;93.84
SPY;2008-09-23;118.55;91.71
SPY;2008-09-24;118.93;92.0
SPY;2008-09-25;120.79;93.44
SPY;2008-09-26;120.85;93.48
SPY;2008-09-29;111.38;86.16
SPY;2008-09-30;115.99;89.73
SPY;2008-10-01;116.06;89.78
SPY;2008-10-02;111.85;86.52
SPY;2008-10-03;110.34;85.35
SPY;2008-10-06;104.72;81.01
SPY;2008-10-07;100.03;77.38
SPY;2008-10-08;97.51;75.43
SPY;2008-10-09;90.7;70.16
SPY;2008-10-10;88.5;68.46
SPY;2008-10-13;101.35;78.4
SPY;2008-10-14;99.85;77.24
SPY;2008-10-15;90.02;69.64
SPY;2008-10-16;93.77;72.54
SPY;2008-10-17;93.21;72.1
SPY;2008-10-20;98.81;76.44
SPY;2008-10-21;95.86;74.15
SPY;2008-10-22;90.64;70.12
SPY;2008-10-23;91.69;70.93
SPY;2008-10-24;87.04;67.33
SPY;2008-10-27;83.95;64.94
SPY;2008-10-28;93.76;72.53
SPY;2008-10-29;93.08;72.0
SPY;2008-10-30;96.3;74.49
SPY;2008-10-31;96.83;74.9
SPY;2008-11-03;97.11;75.12
SPY;2008-11-04;100.41;77.67
SPY;2008-11-05;96.19;74.41
SPY;2008-11-06;90.86;70.29
SPY;2008-11-07;93.86;72.61
SPY;2008-11-10;92.63;71.65
SPY;2008-11-11;89.77;69.44
SPY;2008-11-12;85.82;66.39
SPY;2008-11-13;91.17;70.53
SPY;2008-11-14;86.62;67.01
SPY;2008-11-17;85.47;66.12
SPY;2008-11-18;87.08;67.36
SPY;2008-11-19;81.5;63.05
SPY;2008-11-20;75.45;58.37
SPY;2008-11-21;79.52;61.51
SPY;2008-11-24;85.03;65.78
SPY;2008-11-25;85.66;66.26
SPY;2008-11-26;88.97;68.82
SPY;2008-11-28;90.09;69.69
SPY;2008-12-01;82.11;63.52
SPY;2008-12-02;85.27;65.96
SPY;2008-12-03;87.32;67.55
SPY;2008-12-04;85.3;65.98
SPY;2008-12-05;87.93;68.02
SPY;2008-12-08;91.0;70.39
SPY;2008-12-09;89.5;69.23
SPY;2008-12-10;90.11;69.71
SPY;2008-12-11;87.94;68.03
SPY;2008-12-12;88.99;68.84
SPY;2008-12-15;87.75;67.88
SPY;2008-12-16;91.88;71.07
SPY;2008-12-17;90.99;70.39
SPY;2008-12-18;89.29;69.07
SPY;2008-12-19;88.19;68.78
SPY;2008-12-22;87.06;67.9
SPY;2008-12-23;86.16;67.19
SPY;2008-12-24;86.66;67.58
SPY;2008-12-26;87.16;67.97
SPY;2008-12-29;86.91;67.78
SPY;2008-12-30;88.97;69.39
SPY;2008-12-31;90.24;70.38
SPY;2009-01-02;92.96;72.5
SPY;2009-01-05;92.85;72.41
SPY;2009-01-06;93.47;72.89
SPY;2009-01-07;90.67;70.71
SPY;2009-01-08;91.04;71.0
SPY;2009-01-09;89.09;69.48
SPY;2009-01-12;86.95;67.81
SPY;2009-01-13;87.11;67.93
SPY;2009-01-14;84.37;65.8
SPY;2009-01-15;84.4;65.82
SPY;2009-01-16;85.06;66.34
SPY;2009-01-20;80.57;62.83
SPY;2009-01-21;84.05;65.55
SPY;2009-01-22;82.75;64.53
SPY;2009-01-23;83.11;64.81
SPY;2009-01-26;83.68;65.26
SPY;2009-01-27;84.53;65.92
SPY;2009-01-28;87.39;68.15
SPY;2009-01-29;84.55;65.94
SPY;2009-01-30;82.83;64.6
SPY;2009-02-02;82.58;64.4
SPY;2009-02-03;83.74;65.31
SPY;2009-02-04;83.33;64.99
SPY;2009-02-05;84.57;65.95
SPY;2009-02-06;86.98;67.83
SPY;2009-02-09;87.1;67.93
SPY;2009-02-10;83.11;64.81
SPY;2009-02-11;83.6;65.2
SPY;2009-02-12;83.66;65.24
SPY;2009-02-13;82.76;64.54
SPY;2009-02-17;79.22;61.78
SPY;2009-02-18;79.03;61.63
SPY;2009-02-19;78.18;60.97
SPY;2009-02-20;77.42;60.38
SPY;2009-02-23;74.65;58.22
SPY;2009-02-24;77.48;60.42
SPY;2009-02-25;76.87;59.95
SPY;2009-02-26;75.62;58.97
SPY;2009-02-27;73.93;57.66
SPY;2009-03-02;70.6;55.06
SPY;2009-03-03;70.07;54.65
SPY;2009-03-04;71.73;55.94
SPY;2009-03-05;68.8;53.66
SPY;2009-03-06;68.92;53.75
SPY;2009-03-09;68.11;53.12
SPY;2009-03-10;72.17;56.28
SPY;2009-03-11;72.64;56.65
SPY;2009-03-12;75.5;58.88
SPY;2009-03-13;76.09;59.34
SPY;2009-03-16;75.86;59.16
SPY;2009-03-17;78.18;60.97
SPY;2009-03-18;79.93;62.34
SPY;2009-03-19;78.94;61.56
SPY;2009-03-20;76.71;60.26
SPY;2009-03-23;82.22;64.59
SPY;2009-03-24;80.6;63.32
SPY;2009-03-25;81.45;63.99
SPY;2009-03-26;83.11;65.29
SPY;2009-03-27;81.61;64.11
SPY;2009-03-30;78.79;61.9
SPY;2009-03-31;79.52;62.47
SPY;2009-04-01;81.06;63.68
SPY;2009-04-02;83.43;65.54
SPY;2009-04-03;84.26;66.19
SPY;2009-04-06;83.6;65.67
SPY;2009-04-07;81.65;64.14
SPY;2009-04-08;82.53;64.83
SPY;2009-04-09;85.81;67.41
SPY;2009-04-13;85.83;67.43
SPY;2009-04-14;84.35;66.26
SPY;2009-04-15;85.25;66.97
SPY;2009-04-16;86.5;67.95
SPY;2009-04-17;87.08;68.41
SPY;2009-04-20;83.43;65.54
SPY;2009-04-21;85.06;66.82
SPY;2009-04-22;84.54;66.41
SPY;2009-04-23;85.37;67.06
SPY;2009-04-24;86.66;68.08
SPY;2009-04-27;85.84;67.43
SPY;2009-04-28;85.57;67.22
SPY;2009-04-29;87.39;68.65
SPY;2009-04-30;87.42;68.68
SPY;2009-05-01;87.89;69.04
SPY;2009-05-04;90.88;71.39
SPY;2009-05-05;90.57;71.15
SPY;2009-05-06;92.14;72.38
SPY;2009-05-07;90.86;71.38
SPY;2009-05-08;92.98;73.04
SPY;2009-05-11;91.24;71.68
SPY;2009-05-12;90.97;71.46
SPY;2009-05-13;88.68;69.67
SPY;2009-05-14;89.44;70.26
SPY;2009-05-15;88.71;69.69
SPY;2009-05-18;91.23;71.67
SPY;2009-05-19;91.12;71.58
SPY;2009-05-20;90.51;71.1
SPY;2009-05-21;89.21;70.08
SPY;2009-05-22;89.02;69.93
SPY;2009-05-26;91.3;71.72
SPY;2009-05-27;89.67;70.44
SPY;2009-05-28;90.92;71.42
SPY;2009-05-29;92.53;72.69
SPY;2009-06-01;94.77;74.45
SPY;2009-06-02;94.85;74.51
SPY;2009-06-03;93.65;73.57
SPY;2009-06-04;94.53;74.26
SPY;2009-06-05;94.55;74.28
SPY;2009-06-08;94.16;73.97
SPY;2009-06-09;94.64;74.35
SPY;2009-06-10;94.4;74.16
SPY;2009-06-11;94.82;74.49
SPY;2009-06-12;95.08;74.69
SPY;2009-06-15;92.9;72.98
SPY;2009-06-16;91.64;71.99
SPY;2009-06-17;91.55;71.92
SPY;2009-06-18;92.22;72.45
SPY;2009-06-19;92.04;72.71
SPY;2009-06-22;89.28;70.53
SPY;2009-06-23;89.35;70.59
SPY;2009-06-24;90.12;71.19
SPY;2009-06-25;92.08;72.74
SPY;2009-06-26;91.84;72.55
SPY;2009-06-29;92.7;73.23
SPY;2009-06-30;91.95;72.64
SPY;2009-07-01;92.33;72.94
SPY;2009-07-02;89.81;70.95
SPY;2009-07-06;89.8;70.94
SPY;2009-07-07;88.06;69.57
SPY;2009-07-08;88.0;69.52
SPY;2009-07-09;88.17;69.65
SPY;2009-07-10;87.96;69.49
SPY;2009-07-13;90.1;71.18
SPY;2009-07-14;90.61;71.58
SPY;2009-07-15;93.26;73.68
SPY;2009-07-16;93.11;73.56
SPY;2009-07-17;94.13;74.36
SPY;2009-07-20;95.13;75.15
SPY;2009-07-21;95.57;75.5
SPY;2009-07-22;95.55;75.48
SPY;2009-07-23;97.66;77.15
SPY;2009-07-24;98.06;77.47
SPY;2009-07-27;98.35;77.7
SPY;2009-07-28;97.89;77.33
SPY;2009-07-29;97.65;77.14
SPY;2009-07-30;98.67;77.95
SPY;2009-07-31;98.81;78.06
SPY;2009-08-03;100.44;79.35
SPY;2009-08-04;100.7;79.55
SPY;2009-08-05;100.41;79.32
SPY;2009-08-06;99.89;78.91
SPY;2009-08-07;101.2;79.95
SPY;2009-08-10;100.99;79.78
SPY;2009-08-11;99.73;78.79
SPY;2009-08-12;100.8;79.63
SPY;2009-08-13;101.57;80.24
SPY;2009-08-14;100.79;79.62
SPY;2009-08-17;98.31;77.66
SPY;2009-08-18;99.09;78.28
SPY;2009-08-19;99.96;78.97
SPY;2009-08-20;100.99;79.78
SPY;2009-08-21;102.97;81.35
SPY;2009-08-24;102.96;81.34
SPY;2009-08-25;103.16;81.5
SPY;2009-08-26;103.17;81.5
SPY;2009-08-27;103.4;81.69
SPY;2009-08-28;103.38;81.67
SPY;2009-08-31;102.46;80.94
SPY;2009-09-01;100.2;79.16
SPY;2009-09-02;99.82;78.86
SPY;2009-09-03;100.65;79.51
SPY;2009-09-04;102.06;80.63
SPY;2009-09-08;102.94;81.32
SPY;2009-09-09;103.73;81.95
SPY;2009-09-10;104.79;82.78
SPY;2009-09-11;104.77;82.77
SPY;2009-09-14;105.28;83.17
SPY;2009-09-15;105.72;83.52
SPY;2009-09-16;107.32;84.78
SPY;2009-09-17;107.16;84.66
SPY;2009-09-18;106.72;84.71
SPY;2009-09-21;106.45;84.5
SPY;2009-09-22;107.07;84.99
SPY;2009-09-23;106.18;84.28
SPY;2009-09-24;105.01;83.35
SPY;2009-09-25;104.45;82.91
SPY;2009-09-28;106.32;84.39
SPY;2009-09-29;106.0;84.14
SPY;2009-09-30;105.59;83.81
SPY;2009-10-01;102.97;81.73
SPY;2009-10-02;102.49;81.35
SPY;2009-10-05;104.02;82.57
SPY;2009-10-06;105.51;83.75
SPY;2009-10-07;105.8;83.98
SPY;2009-10-08;106.61;84.62
SPY;2009-10-09;107.26;85.14
SPY;2009-10-12;107.68;85.47
SPY;2009-10-13;107.46;85.3
SPY;2009-10-14;109.31;86.77
SPY;2009-10-15;109.71;87.08
SPY;2009-10-16;108.89;86.43
SPY;2009-10-19;109.79;87.15
SPY;2009-10-20;109.21;86.69
SPY;2009-10-21;108.23;85.91
SPY;2009-10-22;109.33;86.78
SPY;2009-10-23;108.08;85.79
SPY;2009-10-26;106.91;84.86
SPY;2009-10-27;106.42;84.47
SPY;2009-10-28;104.41;82.88
SPY;2009-10-29;106.65;84.65
SPY;2009-10-30;103.56;82.2
SPY;2009-11-02;104.32;82.81
SPY;2009-11-03;104.65;83.07
SPY;2009-11-04;104.92;83.28
SPY;2009-11-05;106.85;84.81
SPY;2009-11-06;107.13;85.04
SPY;2009-11-09;109.57;86.97
SPY;2009-11-10;109.59;86.99
SPY;2009-11-11;110.15;87.43
SPY;2009-11-12;109.03;86.54
SPY;2009-11-13;109.62;87.01
SPY;2009-11-16;111.21;88.27
SPY;2009-11-17;111.34;88.38
SPY;2009-11-18;111.27;88.32
SPY;2009-11-19;109.82;87.17
SPY;2009-11-20;109.43;86.86
SPY;2009-11-23;110.82;87.96
SPY;2009-11-24;110.99;88.1
SPY;2009-11-25;111.38;88.41
SPY;2009-11-27;109.57;86.97
SPY;2009-11-30;109.94;87.27
SPY;2009-12-01;111.3;88.35
SPY;2009-12-02;111.25;88.31
SPY;2009-12-03;110.38;87.62
SPY;2009-12-04;111.01;88.12
SPY;2009-12-07;110.84;87.98
SPY;2009-12-08;109.61;87.0
SPY;2009-12-09;110.02;87.33
SPY;2009-12-10;110.64;87.82
SPY;2009-12-11;111.11;88.2
SPY;2009-12-14;111.87;88.8
SPY;2009-12-15;111.35;88.39
SPY;2009-12-16;111.52;88.52
SPY;2009-12-17;110.18;87.46
SPY;2009-12-18;110.21;87.95
SPY;2009-12-21;111.33;88.84
SPY;2009-12-22;111.73;89.16
SPY;2009-12-23;111.95;89.34
SPY;2009-12-24;112.48;89.76
SPY;2009-12-28;112.72;89.95
SPY;2009-12-29;112.56;89.82
SPY;2009-12-30;112.52;89.79
SPY;2009-12-31;111.44;88.93
SPY;2010-01-04;113.33;90.44
SPY;2010-01-05;113.63;90.68
SPY;2010-01-06;113.71;90.74
SPY;2010-01-07;114.19;91.13
SPY;2010-01-08;114.57;91.43
SPY;2010-01-11;114.73;91.56
SPY;2010-01-12;113.66;90.7
SPY;2010-01-13;114.62;91.47
SPY;2010-01-14;114.93;91.72
SPY;2010-01-15;113.64;90.69
SPY;2010-01-19;115.06;91.82
SPY;2010-01-20;113.89;90.89
SPY;2010-01-21;111.7;89.14
SPY;2010-01-22;109.21;87.15
SPY;2010-01-25;109.77;87.6
SPY;2010-01-26;109.31;87.23
SPY;2010-01-27;109.83;87.65
SPY;2010-01-28;108.57;86.64
SPY;2010-01-29;107.39;85.7
SPY;2010-02-01;109.06;87.03
SPY;2010-02-02;110.38;88.08
SPY;2010-02-03;109.83;87.65
SPY;2010-02-04;106.44;84.94
SPY;2010-02-05;106.66;85.12
SPY;2010-02-08;105.89;84.5
SPY;2010-02-09;107.22;85.56
SPY;2010-02-10;107.01;85.4
SPY;2010-02-11;108.13;86.29
SPY;2010-02-12;108.04;86.22
SPY;2010-02-16;109.74;87.57
SPY;2010-02-17;110.26;87.99
SPY;2010-02-18;110.91;88.51
SPY;2010-02-19;111.14;88.69
SPY;2010-02-22;111.16;88.71
SPY;2010-02-23;109.81;87.63
SPY;2010-02-24;110.82;88.44
SPY;2010-02-25;110.67;88.32
SPY;2010-02-26;110.74;88.37
SPY;2010-03-01;111.89;89.29
SPY;2010-03-02;112.2;89.54
SPY;2010-03-03;112.3;89.62
SPY;2010-03-04;112.64;89.89
SPY;2010-03-05;114.25;91.17
SPY;2010-03-08;114.27;91.19
SPY;2010-03-09;114.46;91.34
SPY;2010-03-10;114.97;91.75
SPY;2010-03-11;115.45;92.13
SPY;2010-03-12;115.46;92.14
SPY;2010-03-15;115.49;92.16
SPY;2010-03-16;116.41;92.9
SPY;2010-03-17;117.1;93.45
SPY;2010-03-18;117.04;93.4
SPY;2010-03-19;115.97;92.93
SPY;2010-03-22;116.59;93.43
SPY;2010-03-23;117.41;94.08
SPY;2010-03-24;116.84;93.63
SPY;2010-03-25;116.65;93.47
SPY;2010-03-26;116.58;93.42
SPY;2010-03-29;117.32;94.01
SPY;2010-03-30;117.4;94.07
SPY;2010-03-31;117.0;93.75
SPY;2010-04-01;117.8;94.4
SPY;2010-04-05;118.76;95.16
SPY;2010-04-06;119.04;95.39
SPY;2010-04-07;118.36;94.84
SPY;2010-04-08;118.77;95.17
SPY;2010-04-09;119.55;95.8
SPY;2010-04-12;119.74;95.95
SPY;2010-04-13;119.83;96.02
SPY;2010-04-14;121.19;97.11
SPY;2010-04-15;121.29;97.19
SPY;2010-04-16;119.36;95.65
SPY;2010-04-19;119.81;96.01
SPY;2010-04-20;120.88;96.86
SPY;2010-04-21;120.66;96.69
SPY;2010-04-22;121.02;96.98
SPY;2010-04-23;121.81;97.61
SPY;2010-04-26;121.35;97.24
SPY;2010-04-27;118.48;94.94
SPY;2010-04-28;119.38;95.66
SPY;2010-04-29;120.86;96.85
SPY;2010-04-30;118.81;95.2
SPY;2010-05-03;120.35;96.44
SPY;2010-05-04;117.52;94.17
SPY;2010-05-05;116.82;93.61
SPY;2010-05-06;112.94;90.5
SPY;2010-05-07;111.26;89.15
SPY;2010-05-10;116.16;93.08
SPY;2010-05-11;115.83;92.82
SPY;2010-05-12;117.45;94.12
SPY;2010-05-13;115.99;92.95
SPY;2010-05-14;113.89;91.26
SPY;2010-05-17;113.95;91.31
SPY;2010-05-18;112.4;90.07
SPY;2010-05-19;111.76;89.56
SPY;2010-05-20;107.54;86.17
SPY;2010-05-21;109.11;87.43
SPY;2010-05-24;107.71;86.31
SPY;2010-05-25;107.82;86.4
SPY;2010-05-26;107.17;85.88
SPY;2010-05-27;110.76;88.75
SPY;2010-05-28;109.37;87.64
SPY;2010-06-01;107.53;86.17
SPY;2010-06-02;110.33;88.41
SPY;2010-06-03;110.71;88.71
SPY;2010-06-04;106.82;85.6
SPY;2010-06-07;105.49;84.53
SPY;2010-06-08;106.62;85.44
SPY;2010-06-09;106.05;84.98
SPY;2010-06-10;109.15;87.46
SPY;2010-06-11;109.68;87.89
SPY;2010-06-14;109.51;87.75
SPY;2010-06-15;112.0;89.75
SPY;2010-06-16;111.96;89.72
SPY;2010-06-17;112.14;89.86
SPY;2010-06-18;111.73;89.96
SPY;2010-06-21;111.41;89.7
SPY;2010-06-22;109.57;88.22
SPY;2010-06-23;109.23;87.94
SPY;2010-06-24;107.42;86.49
SPY;2010-06-25;107.87;86.85
SPY;2010-06-28;107.53;86.58
SPY;2010-06-29;104.21;83.9
SPY;2010-06-30;103.22;83.11
SPY;2010-07-01;102.76;82.74
SPY;2010-07-02;102.2;82.28
SPY;2010-07-06;102.87;82.82
SPY;2010-07-07;106.11;85.43
SPY;2010-07-08;107.16;86.28
SPY;2010-07-09;107.96;86.92
SPY;2010-07-12;108.03;86.98
SPY;2010-07-13;109.66;88.29
SPY;2010-07-14;109.65;88.28
SPY;2010-07-15;109.68;88.31
SPY;2010-07-16;106.66;85.88
SPY;2010-07-19;107.29;86.38
SPY;2010-07-20;108.48;87.34
SPY;2010-07-21;107.07;86.21
SPY;2010-07-22;109.46;88.13
SPY;2010-07-23;110.41;88.89
SPY;2010-07-26;111.56;89.82
SPY;2010-07-27;111.55;89.81
SPY;2010-07-28;110.83;89.23
SPY;2010-07-29;110.29;88.8
SPY;2010-07-30;110.27;88.78
SPY;2010-08-02;112.76;90.79
SPY;2010-08-03;112.22;90.35
SPY;2010-08-04;112.97;90.96
SPY;2010-08-05;112.85;90.86
SPY;2010-08-06;112.39;90.49
SPY;2010-08-09;112.99;90.97
SPY;2010-08-10;112.38;90.48
SPY;2010-08-11;109.3;88.0
SPY;2010-08-12;108.63;87.46
SPY;2010-08-13;108.31;87.2
SPY;2010-08-16;108.26;87.16
SPY;2010-08-17;109.59;88.23
SPY;2010-08-18;109.79;88.4
SPY;2010-08-19;107.88;86.86
SPY;2010-08-20;107.53;86.58
SPY;2010-08-23;107.12;86.25
SPY;2010-08-24;105.53;84.97
SPY;2010-08-25;105.94;85.3
SPY;2010-08-26;105.23;84.72
SPY;2010-08-27;106.86;86.04
SPY;2010-08-30;105.31;84.79
SPY;2010-08-31;105.31;84.79
SPY;2010-09-01;108.46;87.32
SPY;2010-09-02;109.47;88.14
SPY;2010-09-03;110.89;89.28
SPY;2010-09-07;109.64;88.27
SPY;2010-09-08;110.41;88.89
SPY;2010-09-09;110.92;89.31
SPY;2010-09-10;111.48;89.76
SPY;2010-09-13;112.72;90.75
SPY;2010-09-14;112.65;90.7
SPY;2010-09-15;113.08;91.04
SPY;2010-09-16;113.05;91.02
SPY;2010-09-17;112.49;91.05
SPY;2010-09-20;114.21;92.45
SPY;2010-09-21;113.98;92.26
SPY;2010-09-22;113.42;91.81
SPY;2010-09-23;112.5;91.06
SPY;2010-09-24;114.82;92.94
SPY;2010-09-27;114.27;92.49
SPY;2010-09-28;114.67;92.82
SPY;2010-09-29;114.47;92.66
SPY;2010-09-30;114.13;92.38
SPY;2010-10-01;114.61;92.77
SPY;2010-10-04;113.75;92.07
SPY;2010-10-05;116.04;93.93
SPY;2010-10-06;116.03;93.92
SPY;2010-10-07;115.89;93.81
SPY;2010-10-08;116.54;94.33
SPY;2010-10-11;116.65;94.42
SPY;2010-10-12;117.01;94.71
SPY;2010-10-13;117.92;95.45
SPY;2010-10-14;117.46;95.08
SPY;2010-10-15;117.7;95.27
SPY;2010-10-18;118.28;95.74
SPY;2010-10-19;116.73;94.49
SPY;2010-10-20;117.87;95.41
SPY;2010-10-21;118.13;95.62
SPY;2010-10-22;118.35;95.8
SPY;2010-10-25;118.7;96.08
SPY;2010-10-26;118.72;96.1
SPY;2010-10-27;118.38;95.82
SPY;2010-10-28;118.4;95.84
SPY;2010-10-29;118.49;95.91
SPY;2010-11-01;118.53;95.94
SPY;2010-11-02;119.47;96.7
SPY;2010-11-03;119.95;97.09
SPY;2010-11-04;122.26;98.96
SPY;2010-11-05;122.72;99.33
SPY;2010-11-08;122.49;99.15
SPY;2010-11-09;121.61;98.44
SPY;2010-11-10;122.1;98.83
SPY;2010-11-11;121.64;98.46
SPY;2010-11-12;120.2;97.29
SPY;2010-11-15;120.03;97.16
SPY;2010-11-16;118.16;95.64
SPY;2010-11-17;118.22;95.69
SPY;2010-11-18;119.96;97.1
SPY;2010-11-19;120.29;97.37
SPY;2010-11-22;120.19;97.29
SPY;2010-11-23;118.45;95.88
SPY;2010-11-24;120.2;97.29
SPY;2010-11-26;118.8;96.16
SPY;2010-11-29;119.16;96.45
SPY;2010-11-30;118.49;95.91
SPY;2010-12-01;121.01;97.95
SPY;2010-12-02;122.56;99.2
SPY;2010-12-03;122.89;99.47
SPY;2010-12-06;122.76;99.37
SPY;2010-12-07;122.83;99.42
SPY;2010-12-08;123.28;99.79
SPY;2010-12-09;123.76;100.18
SPY;2010-12-10;124.48;100.76
SPY;2010-12-13;124.56;100.82
SPY;2010-12-14;124.67;100.91
SPY;2010-12-15;124.1;100.45
SPY;2010-12-16;124.82;101.03
SPY;2010-12-17;124.3;101.14
SPY;2010-12-20;124.6;101.39
SPY;2010-12-21;125.39;102.03
SPY;2010-12-22;125.78;102.35
SPY;2010-12-23;125.6;102.2
SPY;2010-12-27;125.65;102.24
SPY;2010-12-28;125.83;102.39
SPY;2010-12-29;125.92;102.46
SPY;2010-12-30;125.72;102.3
SPY;2010-12-31;125.75;102.32
SPY;2011-01-03;127.05;103.38
SPY;2011-01-04;126.98;103.32
SPY;2011-01-05;127.64;103.86
SPY;2011-01-06;127.39;103.66
SPY;2011-01-07;127.14;103.45
SPY;2011-01-10;126.98;103.32
SPY;2011-01-11;127.43;103.69
SPY;2011-01-12;128.58;104.62
SPY;2011-01-13;128.37;104.45
SPY;2011-01-14;129.3;105.21
SPY;2011-01-18;129.52;105.39
SPY;2011-01-19;128.25;104.36
SPY;2011-01-20;128.08;104.22
SPY;2011-01-21;128.37;104.45
SPY;2011-01-24;129.1;105.05
SPY;2011-01-25;129.17;105.1
SPY;2011-01-26;129.67;105.51
SPY;2011-01-27;129.99;105.77
SPY;2011-01-28;127.72;103.92
SPY;2011-01-31;128.68;104.71
SPY;2011-02-01;130.74;106.38
SPY;2011-02-02;130.49;106.18
SPY;2011-02-03;130.78;106.41
SPY;2011-02-04;131.15;106.72
SPY;2011-02-07;131.97;107.38
SPY;2011-02-08;132.57;107.87
SPY;2011-02-09;132.27;107.63
SPY;2011-02-10;132.32;107.67
SPY;2011-02-11;133.11;108.31
SPY;2011-02-14;133.43;108.57
SPY;2011-02-15;133.01;108.23
SPY;2011-02-16;133.85;108.91
SPY;2011-02-17;134.25;109.24
SPY;2011-02-18;134.53;109.47
SPY;2011-02-22;131.83;107.27
SPY;2011-02-23;131.02;106.61
SPY;2011-02-24;130.93;106.54
SPY;2011-02-25;132.33;107.68
SPY;2011-02-28;133.15;108.34
SPY;2011-03-01;130.93;106.54
SPY;2011-03-02;131.21;106.76
SPY;2011-03-03;133.47;108.6
SPY;2011-03-04;132.47;107.79
SPY;2011-03-07;131.43;106.94
SPY;2011-03-08;132.58;107.88
SPY;2011-03-09;132.39;107.72
SPY;2011-03-10;129.94;105.73
SPY;2011-03-11;130.84;106.46
SPY;2011-03-14;130.05;105.82
SPY;2011-03-15;128.56;104.61
SPY;2011-03-16;126.18;102.67
SPY;2011-03-17;127.85;104.03
SPY;2011-03-18;127.76;104.41
SPY;2011-03-21;129.74;106.03
SPY;2011-03-22;129.29;105.66
SPY;2011-03-23;129.66;105.96
SPY;2011-03-24;130.9;106.97
SPY;2011-03-25;131.3;107.3
SPY;2011-03-28;130.98;107.04
SPY;2011-03-29;131.86;107.76
SPY;2011-03-30;132.77;108.5
SPY;2011-03-31;132.59;108.35
SPY;2011-04-01;133.15;108.81
SPY;2011-04-04;133.26;108.9
SPY;2011-04-05;133.24;108.89
SPY;2011-04-06;133.66;109.23
SPY;2011-04-07;133.32;108.95
SPY;2011-04-08;132.86;108.58
SPY;2011-04-11;132.46;108.25
SPY;2011-04-12;131.47;107.44
SPY;2011-04-13;131.46;107.43
SPY;2011-04-14;131.56;107.51
SPY;2011-04-15;132.04;107.91
SPY;2011-04-18;130.56;106.7
SPY;2011-04-19;131.31;107.31
SPY;2011-04-20;133.1;108.77
SPY;2011-04-21;133.78;109.33
SPY;2011-04-25;133.64;109.21
SPY;2011-04-26;134.79;110.15
SPY;2011-04-27;135.67;110.87
SPY;2011-04-28;136.11;111.23
SPY;2011-04-29;136.43;111.49
SPY;2011-05-02;136.22;111.32
SPY;2011-05-03;135.73;110.92
SPY;2011-05-04;134.83;110.19
SPY;2011-05-05;133.61;109.19
SPY;2011-05-06;134.2;109.67
SPY;2011-05-09;134.72;110.1
SPY;2011-05-10;135.87;111.03
SPY;2011-05-11;134.44;109.87
SPY;2011-05-12;135.08;110.39
SPY;2011-05-13;134.04;109.54
SPY;2011-05-16;133.19;108.84
SPY;2011-05-17;133.17;108.83
SPY;2011-05-18;134.36;109.8
SPY;2011-05-19;134.68;110.06
SPY;2011-05-20;133.61;109.19
SPY;2011-05-23;132.06;107.92
SPY;2011-05-24;131.95;107.83
SPY;2011-05-25;132.39;108.19
SPY;2011-05-26;133.0;108.69
SPY;2011-05-27;133.51;109.11
SPY;2011-05-31;134.9;110.24
SPY;2011-06-01;131.87;107.77
SPY;2011-06-02;131.73;107.65
SPY;2011-06-03;130.42;106.58
SPY;2011-06-06;129.04;105.45
SPY;2011-06-07;128.96;105.39
SPY;2011-06-08;128.42;104.95
SPY;2011-06-09;129.4;105.75
SPY;2011-06-10;127.6;104.28
SPY;2011-06-13;127.7;104.36
SPY;2011-06-14;129.32;105.68
SPY;2011-06-15;127.02;103.8
SPY;2011-06-16;127.3;104.03
SPY;2011-06-17;127.05;104.34
SPY;2011-06-20;127.7;104.87
SPY;2011-06-21;129.45;106.31
SPY;2011-06-22;128.67;105.67
SPY;2011-06-23;128.3;105.37
SPY;2011-06-24;126.81;104.14
SPY;2011-06-27;127.94;105.07
SPY;2011-06-28;129.61;106.44
SPY;2011-06-29;130.72;107.35
SPY;2011-06-30;131.97;108.38
SPY;2011-07-01;133.92;109.98
SPY;2011-07-05;133.81;109.89
SPY;2011-07-06;133.97;110.02
SPY;2011-07-07;135.36;111.16
SPY;2011-07-08;134.4;110.38
SPY;2011-07-11;131.97;108.38
SPY;2011-07-12;131.4;107.91
SPY;2011-07-13;131.84;108.27
SPY;2011-07-14;130.93;107.53
SPY;2011-07-15;131.69;108.15
SPY;2011-07-18;130.61;107.26
SPY;2011-07-19;132.73;109.0
SPY;2011-07-20;132.65;108.94
SPY;2011-07-21;134.49;110.45
SPY;2011-07-22;134.58;110.52
SPY;2011-07-25;133.83;109.91
SPY;2011-07-26;133.33;109.5
SPY;2011-07-27;130.6;107.26
SPY;2011-07-28;130.22;106.94
SPY;2011-07-29;129.33;106.21
SPY;2011-08-01;128.78;105.76
SPY;2011-08-02;125.49;103.06
SPY;2011-08-03;126.17;103.62
SPY;2011-08-04;120.26;98.76
SPY;2011-08-05;120.08;98.62
SPY;2011-08-08;112.26;92.19
SPY;2011-08-09;117.48;96.48
SPY;2011-08-10;112.29;92.22
SPY;2011-08-11;117.33;96.36
SPY;2011-08-12;118.12;97.01
SPY;2011-08-15;120.62;99.06
SPY;2011-08-16;119.59;98.21
SPY;2011-08-17;119.67;98.28
SPY;2011-08-18;114.51;94.04
SPY;2011-08-19;112.64;92.51
SPY;2011-08-22;112.73;92.58
SPY;2011-08-23;116.44;95.63
SPY;2011-08-24;118.08;96.97
SPY;2011-08-25;116.28;95.5
SPY;2011-08-26;117.97;96.88
SPY;2011-08-29;121.36;99.67
SPY;2011-08-30;121.68;99.93
SPY;2011-08-31;122.22;100.37
SPY;2011-09-01;120.94;99.32
SPY;2011-09-02;117.85;96.78
SPY;2011-09-06;116.99;96.08
SPY;2011-09-07;120.29;98.79
SPY;2011-09-08;119.04;97.76
SPY;2011-09-09;115.92;95.2
SPY;2011-09-12;116.67;95.82
SPY;2011-09-13;117.74;96.69
SPY;2011-09-14;119.37;98.03
SPY;2011-09-15;121.43;99.72
SPY;2011-09-16;121.52;100.31
SPY;2011-09-19;120.31;99.31
SPY;2011-09-20;120.17;99.2
SPY;2011-09-21;116.63;96.28
SPY;2011-09-22;112.86;93.16
SPY;2011-09-23;113.54;93.72
SPY;2011-09-26;116.24;95.95
SPY;2011-09-27;117.54;97.03
SPY;2011-09-28;115.14;95.05
SPY;2011-09-29;116.05;95.8
SPY;2011-09-30;113.15;93.4
SPY;2011-10-03;109.93;90.74
SPY;2011-10-04;112.34;92.73
SPY;2011-10-05;114.42;94.45
SPY;2011-10-06;116.49;96.16
SPY;2011-10-07;115.71;95.52
SPY;2011-10-10;119.58;98.71
SPY;2011-10-11;119.7;98.81
SPY;2011-10-12;120.75;99.68
SPY;2011-10-13;120.51;99.48
SPY;2011-10-14;122.57;101.18
SPY;2011-10-17;120.23;99.25
SPY;2011-10-18;122.58;101.19
SPY;2011-10-19;121.13;99.99
SPY;2011-10-20;121.66;100.43
SPY;2011-10-21;123.97;102.33
SPY;2011-10-24;125.49;103.59
SPY;2011-10-25;123.05;101.57
SPY;2011-10-26;124.3;102.61
SPY;2011-10-27;128.63;106.18
SPY;2011-10-28;128.6;106.16
SPY;2011-10-31;125.5;103.6
SPY;2011-11-01;122.0;100.71
SPY;2011-11-02;123.99;102.35
SPY;2011-11-03;126.25;104.22
SPY;2011-11-04;125.48;103.58
SPY;2011-11-07;126.26;104.22
SPY;2011-11-08;127.88;105.56
SPY;2011-11-09;123.16;101.67
SPY;2011-11-10;124.32;102.62
SPY;2011-11-11;126.66;104.55
SPY;2011-11-14;125.46;103.56
SPY;2011-11-15;126.08;104.08
SPY;2011-11-16;124.08;102.42
SPY;2011-11-17;122.11;100.8
SPY;2011-11-18;121.98;100.69
SPY;2011-11-21;119.66;98.78
SPY;2011-11-22;119.19;98.39
SPY;2011-11-23;116.56;96.22
SPY;2011-11-25;116.34;96.04
SPY;2011-11-28;119.71;98.82
SPY;2011-11-29;120.05;99.1
SPY;2011-11-30;124.99;103.18
SPY;2011-12-01;124.97;103.16
SPY;2011-12-02;124.86;103.07
SPY;2011-12-05;126.22;104.19
SPY;2011-12-06;126.26;104.22
SPY;2011-12-07;126.73;104.61
SPY;2011-12-08;123.95;102.32
SPY;2011-12-09;126.05;104.05
SPY;2011-12-12;124.21;102.53
SPY;2011-12-13;123.05;101.57
SPY;2011-12-14;121.74;100.49
SPY;2011-12-15;122.18;100.86
SPY;2011-12-16;121.59;101.01
SPY;2011-12-19;120.29;99.93
SPY;2011-12-20;123.93;102.95
SPY;2011-12-21;124.17;103.15
SPY;2011-12-22;125.27;104.06
SPY;2011-12-23;126.39;104.99
SPY;2011-12-27;126.49;105.08
SPY;2011-12-28;124.83;103.7
SPY;2011-12-29;126.12;104.77
SPY;2011-12-30;125.5;104.25
SPY;2012-01-03;127.5;105.91
SPY;2012-01-04;127.7;106.08
SPY;2012-01-05;128.04;106.36
SPY;2012-01-06;127.71;106.09
SPY;2012-01-09;128.02;106.35
SPY;2012-01-10;129.13;107.27
SPY;2012-01-11;129.2;107.33
SPY;2012-01-12;129.51;107.58
SPY;2012-01-13;128.84;107.03
SPY;2012-01-17;129.34;107.44
SPY;2012-01-18;130.77;108.63
SPY;2012-01-19;131.46;109.2
SPY;2012-01-20;131.95;109.61
SPY;2012-01-23;131.61;109.33
SPY;2012-01-24;131.46;109.2
SPY;2012-01-25;132.56;110.12
SPY;2012-01-26;131.88;109.55
SPY;2012-01-27;131.82;109.5
SPY;2012-01-30;131.37;109.13
SPY;2012-01-31;131.32;109.09
SPY;2012-02-01;132.47;110.04
SPY;2012-02-02;132.68;110.22
SPY;2012-02-03;134.54;111.76
SPY;2012-02-06;134.45;111.69
SPY;2012-02-07;134.79;111.97
SPY;2012-02-08;135.19;112.3
SPY;2012-02-09;135.36;112.44
SPY;2012-02-10;134.36;111.61
SPY;2012-02-13;135.36;112.44
SPY;2012-02-14;135.19;112.3
SPY;2012-02-15;134.56;111.78
SPY;2012-02-16;136.05;113.02
SPY;2012-02-17;136.41;113.32
SPY;2012-02-21;136.47;113.37
SPY;2012-02-22;136.03;113.0
SPY;2012-02-23;136.63;113.5
SPY;2012-02-24;136.93;113.75
SPY;2012-02-27;137.16;113.94
SPY;2012-02-28;137.56;114.27
SPY;2012-02-29;137.02;113.82
SPY;2012-03-01;137.73;114.41
SPY;2012-03-02;137.31;114.06
SPY;2012-03-05;136.75;113.6
SPY;2012-03-06;134.75;111.94
SPY;2012-03-07;135.69;112.72
SPY;2012-03-08;137.04;113.84
SPY;2012-03-09;137.57;114.28
SPY;2012-03-12;137.58;114.29
SPY;2012-03-13;140.06;116.35
SPY;2012-03-14;139.91;116.22
SPY;2012-03-15;140.72;116.9
SPY;2012-03-16;140.3;117.06
SPY;2012-03-19;140.85;117.52
SPY;2012-03-20;140.44;117.17
SPY;2012-03-21;140.21;116.98
SPY;2012-03-22;139.2;116.14
SPY;2012-03-23;139.65;116.52
SPY;2012-03-26;141.61;118.15
SPY;2012-03-27;141.17;117.78
SPY;2012-03-28;140.47;117.2
SPY;2012-03-29;140.23;117.0
SPY;2012-03-30;140.81;117.48
SPY;2012-04-02;141.84;118.34
SPY;2012-04-03;141.26;117.86
SPY;2012-04-04;139.86;116.69
SPY;2012-04-05;139.79;116.63
SPY;2012-04-09;138.22;115.32
SPY;2012-04-10;135.9;113.39
SPY;2012-04-11;137.0;114.3
SPY;2012-04-12;138.79;115.8
SPY;2012-04-13;137.14;114.42
SPY;2012-04-16;137.05;114.35
SPY;2012-04-17;139.08;116.04
SPY;2012-04-18;138.61;115.65
SPY;2012-04-19;137.72;114.91
SPY;2012-04-20;137.95;115.1
SPY;2012-04-23;136.79;114.13
SPY;2012-04-24;137.31;114.56
SPY;2012-04-25;139.19;116.13
SPY;2012-04-26;140.16;116.94
SPY;2012-04-27;140.39;117.13
SPY;2012-04-30;139.87;116.7
SPY;2012-05-01;140.74;117.42
SPY;2012-05-02;140.32;117.07
SPY;2012-05-03;139.25;116.18
SPY;2012-05-04;137.0;114.3
SPY;2012-05-07;137.1;114.39
SPY;2012-05-08;136.55;113.93
SPY;2012-05-09;135.74;113.25
SPY;2012-05-10;136.02;113.49
SPY;2012-05-11;135.61;113.14
SPY;2012-05-14;134.11;111.89
SPY;2012-05-15;133.34;111.25
SPY;2012-05-16;132.83;110.83
SPY;2012-05-17;130.86;109.18
SPY;2012-05-18;129.74;108.25
SPY;2012-05-21;131.97;110.11
SPY;2012-05-22;132.2;110.3
SPY;2012-05-23;132.27;110.36
SPY;2012-05-24;132.53;110.57
SPY;2012-05-25;132.1;110.22
SPY;2012-05-29;133.7;111.55
SPY;2012-05-30;131.76;109.93
SPY;2012-05-31;131.47;109.69
SPY;2012-06-01;128.16;106.93
SPY;2012-06-04;128.1;106.88
SPY;2012-06-05;129.07;107.69
SPY;2012-06-06;131.97;110.11
SPY;2012-06-07;132.05;110.17
SPY;2012-06-08;133.1;111.05
SPY;2012-06-11;131.41;109.64
SPY;2012-06-12;132.92;110.9
SPY;2012-06-13;132.07;110.19
SPY;2012-06-14;133.47;111.36
SPY;2012-06-15;134.14;112.49
SPY;2012-06-18;134.4;112.71
SPY;2012-06-19;135.7;113.8
SPY;2012-06-20;135.48;113.62
SPY;2012-06-21;132.44;111.07
SPY;2012-06-22;133.46;111.92
SPY;2012-06-25;131.32;110.13
SPY;2012-06-26;131.98;110.68
SPY;2012-06-27;133.17;111.68
SPY;2012-06-28;132.79;111.36
SPY;2012-06-29;136.1;114.14
SPY;2012-07-02;136.51;114.48
SPY;2012-07-03;137.41;115.23
SPY;2012-07-05;136.79;114.71
SPY;2012-07-06;135.49;113.62
SPY;2012-07-09;135.32;113.48
SPY;2012-07-10;134.14;112.49
SPY;2012-07-11;134.16;112.51
SPY;2012-07-12;133.51;111.96
SPY;2012-07-13;135.75;113.84
SPY;2012-07-16;135.43;113.57
SPY;2012-07-17;136.36;114.35
SPY;2012-07-18;137.37;115.2
SPY;2012-07-19;137.73;115.5
SPY;2012-07-20;136.47;114.45
SPY;2012-07-23;135.09;113.29
SPY;2012-07-24;133.93;112.32
SPY;2012-07-25;133.96;112.34
SPY;2012-07-26;136.17;114.19
SPY;2012-07-27;138.68;116.3
SPY;2012-07-30;138.68;116.3
SPY;2012-07-31;137.71;115.49
SPY;2012-08-01;137.59;115.39
SPY;2012-08-02;136.64;114.59
SPY;2012-08-03;139.35;116.86
SPY;2012-08-06;139.62;117.09
SPY;2012-08-07;140.32;117.68
SPY;2012-08-08;140.49;117.82
SPY;2012-08-09;140.61;117.92
SPY;2012-08-10;140.84;118.11
SPY;2012-08-13;140.77;118.05
SPY;2012-08-14;140.79;118.07
SPY;2012-08-15;140.95;118.2
SPY;2012-08-16;141.99;119.08
SPY;2012-08-17;142.18;119.23
SPY;2012-08-20;142.19;119.24
SPY;2012-08-21;141.76;118.88
SPY;2012-08-22;141.82;118.93
SPY;2012-08-23;140.66;117.96
SPY;2012-08-24;141.51;118.67
SPY;2012-08-27;141.54;118.7
SPY;2012-08-28;141.4;118.58
SPY;2012-08-29;141.51;118.67
SPY;2012-08-30;140.49;117.82
SPY;2012-08-31;141.16;118.38
SPY;2012-09-04;141.03;118.27
SPY;2012-09-05;140.91;118.17
SPY;2012-09-06;143.77;120.57
SPY;2012-09-07;144.33;121.04
SPY;2012-09-10;143.51;120.35
SPY;2012-09-11;143.91;120.69
SPY;2012-09-12;144.39;121.09
SPY;2012-09-13;146.59;122.93
SPY;2012-09-14;147.24;123.48
SPY;2012-09-17;146.74;123.06
SPY;2012-09-18;146.62;122.96
SPY;2012-09-19;146.7;123.03
SPY;2012-09-20;146.71;123.03
SPY;2012-09-21;145.87;122.98
SPY;2012-09-24;145.65;122.8
SPY;2012-09-25;144.1;121.49
SPY;2012-09-26;143.29;120.81
SPY;2012-09-27;144.64;121.95
SPY;2012-09-28;143.97;121.38
SPY;2012-10-01;144.35;121.7
SPY;2012-10-02;144.5;121.83
SPY;2012-10-03;145.09;122.33
SPY;2012-10-04;146.13;123.2
SPY;2012-10-05;146.14;123.21
SPY;2012-10-08;145.64;122.79
SPY;2012-10-09;144.2;121.58
SPY;2012-10-10;143.28;120.8
SPY;2012-10-11;143.36;120.87
SPY;2012-10-12;142.89;120.47
SPY;2012-10-15;144.08;121.47
SPY;2012-10-16;145.54;122.7
SPY;2012-10-17;146.2;123.26
SPY;2012-10-18;145.82;122.94
SPY;2012-10-19;143.39;120.89
SPY;2012-10-22;143.41;120.91
SPY;2012-10-23;141.42;119.23
SPY;2012-10-24;141.02;118.89
SPY;2012-10-25;141.43;119.24
SPY;2012-10-26;141.35;119.17
SPY;2012-10-31;141.35;119.17
SPY;2012-11-01;142.83;120.42
SPY;2012-11-02;141.56;119.35
SPY;2012-11-05;141.85;119.59
SPY;2012-11-06;142.96;120.53
SPY;2012-11-07;139.72;117.8
SPY;2012-11-08;138.04;116.38
SPY;2012-11-09;138.16;116.48
SPY;2012-11-12;138.27;116.58
SPY;2012-11-13;137.79;116.17
SPY;2012-11-14;135.93;114.6
SPY;2012-11-15;135.7;114.41
SPY;2012-11-16;136.37;114.97
SPY;2012-11-19;139.13;117.3
SPY;2012-11-20;139.19;117.35
SPY;2012-11-21;139.45;117.57
SPY;2012-11-23;141.35;119.17
SPY;2012-11-26;141.05;118.92
SPY;2012-11-27;140.33;118.31
SPY;2012-11-28;141.46;119.26
SPY;2012-11-29;142.12;119.82
SPY;2012-11-30;142.15;119.85
SPY;2012-12-03;141.45;119.26
SPY;2012-12-04;141.25;119.09
SPY;2012-12-05;141.5;119.3
SPY;2012-12-06;141.98;119.7
SPY;2012-12-07;142.41;120.07
SPY;2012-12-10;142.47;120.12
SPY;2012-12-11;143.44;120.93
SPY;2012-12-12;143.51;120.99
SPY;2012-12-13;142.63;120.25
SPY;2012-12-14;142.1;119.8
SPY;2012-12-17;143.77;121.21
SPY;2012-12-18;145.37;122.56
SPY;2012-12-19;144.29;121.65
SPY;2012-12-20;145.12;122.35
SPY;2012-12-21;142.79;121.25
SPY;2012-12-24;142.35;120.87
SPY;2012-12-26;141.75;120.36
SPY;2012-12-27;141.56;120.2
SPY;2012-12-28;140.03;118.9
SPY;2012-12-31;142.41;120.93
SPY;2013-01-02;146.06;124.02
SPY;2013-01-03;145.73;123.74
SPY;2013-01-04;146.37;124.29
SPY;2013-01-07;145.97;123.95
SPY;2013-01-08;145.55;123.59
SPY;2013-01-09;145.92;123.91
SPY;2013-01-10;147.08;124.89
SPY;2013-01-11;147.07;124.88
SPY;2013-01-14;146.97;124.8
SPY;2013-01-15;147.07;124.88
SPY;2013-01-16;147.05;124.87
SPY;2013-01-17;148.0;125.67
SPY;2013-01-18;148.33;125.95
SPY;2013-01-22;149.13;126.63
SPY;2013-01-23;149.37;126.84
SPY;2013-01-24;149.41;126.87
SPY;2013-01-25;150.25;127.58
SPY;2013-01-28;150.07;127.43
SPY;2013-01-29;150.66;127.93
SPY;2013-01-30;150.07;127.43
SPY;2013-01-31;149.7;127.12
SPY;2013-02-01;151.24;128.42
SPY;2013-02-04;149.54;126.98
SPY;2013-02-05;151.05;128.26
SPY;2013-02-06;151.16;128.36
SPY;2013-02-07;150.96;128.19
SPY;2013-02-08;151.8;128.9
SPY;2013-02-11;151.77;128.87
SPY;2013-02-12;152.02;129.09
SPY;2013-02-13;152.15;129.2
SPY;2013-02-14;152.29;129.31
SPY;2013-02-15;152.11;129.16
SPY;2013-02-19;153.25;130.13
SPY;2013-02-20;151.34;128.51
SPY;2013-02-21;150.42;127.73
SPY;2013-02-22;151.89;128.97
SPY;2013-02-25;149.0;126.52
SPY;2013-02-26;150.02;127.39
SPY;2013-02-27;151.91;128.99
SPY;2013-02-28;151.61;128.74
SPY;2013-03-01;152.11;129.16
SPY;2013-03-04;152.92;129.85
SPY;2013-03-05;154.29;131.01
SPY;2013-03-06;154.5;131.19
SPY;2013-03-07;154.78;131.43
SPY;2013-03-08;155.44;131.99
SPY;2013-03-11;156.03;132.49
SPY;2013-03-12;155.68;132.19
SPY;2013-03-13;155.9;132.38
SPY;2013-03-14;156.73;133.08
SPY;2013-03-15;155.83;132.91
SPY;2013-03-18;154.97;132.18
SPY;2013-03-19;154.61;131.87
SPY;2013-03-20;155.69;132.79
SPY;2013-03-21;154.36;131.66
SPY;2013-03-22;155.6;132.71
SPY;2013-03-25;154.95;132.16
SPY;2013-03-26;156.19;133.22
SPY;2013-03-27;156.19;133.22
SPY;2013-03-28;156.67;133.63
SPY;2013-04-01;156.05;133.1
SPY;2013-04-02;156.82;133.75
SPY;2013-04-03;155.23;132.4
SPY;2013-04-04;155.86;132.94
SPY;2013-04-05;155.16;132.34
SPY;2013-04-08;156.21;133.23
SPY;2013-04-09;156.75;133.69
SPY;2013-04-10;158.67;135.33
SPY;2013-04-11;159.19;135.78
SPY;2013-04-12;158.8;135.44
SPY;2013-04-15;155.12;132.3
SPY;2013-04-16;157.41;134.26
SPY;2013-04-17;155.11;132.3
SPY;2013-04-18;154.14;131.47
SPY;2013-04-19;155.48;132.61
SPY;2013-04-22;156.17;133.2
SPY;2013-04-23;157.78;134.57
SPY;2013-04-24;157.88;134.66
SPY;2013-04-25;158.52;135.2
SPY;2013-04-26;158.24;134.97
SPY;2013-04-29;159.3;135.87
SPY;2013-04-30;159.68;136.19
SPY;2013-05-01;158.28;135.0
SPY;2013-05-02;159.75;136.25
SPY;2013-05-03;161.37;137.63
SPY;2013-05-06;161.78;137.98
SPY;2013-05-07;162.6;138.68
SPY;2013-05-08;163.34;139.31
SPY;2013-05-09;162.88;138.92
SPY;2013-05-10;163.41;139.37
SPY;2013-05-13;163.54;139.49
SPY;2013-05-14;165.23;140.93
SPY;2013-05-15;166.12;141.69
SPY;2013-05-16;165.34;141.02
SPY;2013-05-17;166.94;142.39
SPY;2013-05-20;166.93;142.38
SPY;2013-05-21;167.17;142.58
SPY;2013-05-22;165.93;141.52
SPY;2013-05-23;165.45;141.11
SPY;2013-05-24;165.31;141.0
SPY;2013-05-28;166.3;141.84
SPY;2013-05-29;165.22;140.92
SPY;2013-05-30;165.83;141.44
SPY;2013-05-31;163.45;139.41
SPY;2013-06-03;164.35;140.18
SPY;2013-06-04;163.56;139.5
SPY;2013-06-05;161.27;137.55
SPY;2013-06-06;162.73;138.79
SPY;2013-06-07;164.8;140.56
SPY;2013-06-10;164.8;140.56
SPY;2013-06-11;163.1;139.11
SPY;2013-06-12;161.75;137.96
SPY;2013-06-13;164.21;140.06
SPY;2013-06-14;163.18;139.18
SPY;2013-06-17;164.44;140.25
SPY;2013-06-18;165.74;141.36
SPY;2013-06-19;163.45;139.41
SPY;2013-06-20;159.4;135.95
SPY;2013-06-21;159.07;136.39
SPY;2013-06-24;157.06;134.67
SPY;2013-06-25;158.57;135.96
SPY;2013-06-26;160.14;137.31
SPY;2013-06-27;161.08;138.11
SPY;2013-06-28;160.42;137.55
SPY;2013-07-01;161.36;138.35
SPY;2013-07-02;161.21;138.22
SPY;2013-07-03;161.28;138.28
SPY;2013-07-05;163.02;139.78
SPY;2013-07-08;163.95;140.57
SPY;2013-07-09;165.13;141.58
SPY;2013-07-10;165.19;141.64
SPY;2013-07-11;167.44;143.57
SPY;2013-07-12;167.51;143.63
SPY;2013-07-15;168.15;144.17
SPY;2013-07-16;167.52;143.63
SPY;2013-07-17;167.95;144.0
SPY;2013-07-18;168.87;144.79
SPY;2013-07-19;169.17;145.05
SPY;2013-07-22;169.5;145.33
SPY;2013-07-23;169.14;145.02
SPY;2013-07-24;168.52;144.49
SPY;2013-07-25;168.93;144.84
SPY;2013-07-26;169.11;145.0
SPY;2013-07-29;168.59;144.55
SPY;2013-07-30;168.59;144.55
SPY;2013-07-31;168.71;144.65
SPY;2013-08-01;170.66;146.33
SPY;2013-08-02;170.95;146.57
SPY;2013-08-05;170.7;146.36
SPY;2013-08-06;169.73;145.53
SPY;2013-08-07;169.18;145.06
SPY;2013-08-08;169.8;145.59
SPY;2013-08-09;169.31;145.17
SPY;2013-08-12;169.11;145.0
SPY;2013-08-13;169.61;145.43
SPY;2013-08-14;168.74;144.68
SPY;2013-08-15;166.38;142.66
SPY;2013-08-16;165.83;142.18
SPY;2013-08-19;164.77;141.28
SPY;2013-08-20;165.58;141.97
SPY;2013-08-21;164.56;141.1
SPY;2013-08-22;166.06;142.38
SPY;2013-08-23;166.62;142.86
SPY;2013-08-26;166.0;142.33
SPY;2013-08-27;163.33;140.04
SPY;2013-08-28;163.91;140.54
SPY;2013-08-29;164.17;140.76
SPY;2013-08-30;163.65;140.32
SPY;2013-09-03;164.39;140.95
SPY;2013-09-04;165.75;142.12
SPY;2013-09-05;165.96;142.3
SPY;2013-09-06;166.04;142.36
SPY;2013-09-09;167.63;143.73
SPY;2013-09-10;168.87;144.79
SPY;2013-09-11;169.4;145.25
SPY;2013-09-12;168.95;144.86
SPY;2013-09-13;169.33;145.19
SPY;2013-09-16;170.31;146.03
SPY;2013-09-17;171.07;146.68
SPY;2013-09-18;173.05;148.38
SPY;2013-09-19;172.76;148.13
SPY;2013-09-20;170.72;147.1
SPY;2013-09-23;169.93;146.42
SPY;2013-09-24;169.53;146.07
SPY;2013-09-25;169.04;145.65
SPY;2013-09-26;169.69;146.21
SPY;2013-09-27;168.91;145.54
SPY;2013-09-30;168.01;144.76
SPY;2013-10-01;169.34;145.91
SPY;2013-10-02;169.18;145.77
SPY;2013-10-03;167.62;144.43
SPY;2013-10-04;168.89;145.52
SPY;2013-10-07;167.43;144.26
SPY;2013-10-08;165.48;142.58
SPY;2013-10-09;165.6;142.68
SPY;2013-10-10;169.17;145.76
SPY;2013-10-11;170.26;146.7
SPY;2013-10-14;170.94;147.29
SPY;2013-10-15;169.7;146.22
SPY;2013-10-16;172.07;148.26
SPY;2013-10-17;173.22;149.25
SPY;2013-10-18;174.39;150.26
SPY;2013-10-21;174.4;150.27
SPY;2013-10-22;175.41;151.14
SPY;2013-10-23;174.57;150.41
SPY;2013-10-24;175.15;150.91
SPY;2013-10-25;175.95;151.6
SPY;2013-10-28;176.23;151.84
SPY;2013-10-29;177.17;152.65
SPY;2013-10-30;176.29;151.9
SPY;2013-10-31;175.79;151.46
SPY;2013-11-01;176.21;151.83
SPY;2013-11-04;176.83;152.36
SPY;2013-11-05;176.27;151.88
SPY;2013-11-06;177.17;152.65
SPY;2013-11-07;174.93;150.72
SPY;2013-11-08;177.29;152.76
SPY;2013-11-11;177.32;152.78
SPY;2013-11-12;176.96;152.47
SPY;2013-11-13;178.38;153.7
SPY;2013-11-14;179.27;154.46
SPY;2013-11-15;180.05;155.13
SPY;2013-11-18;179.42;154.59
SPY;2013-11-19;179.03;154.26
SPY;2013-11-20;178.47;153.77
SPY;2013-11-21;179.91;155.01
SPY;2013-11-22;180.81;155.79
SPY;2013-11-25;180.63;155.63
SPY;2013-11-26;180.68;155.68
SPY;2013-11-27;181.12;156.06
SPY;2013-11-29;181.0;155.95
SPY;2013-12-02;180.53;155.55
SPY;2013-12-03;179.75;154.88
SPY;2013-12-04;179.73;154.86
SPY;2013-12-05;178.94;154.18
SPY;2013-12-06;180.94;155.9
SPY;2013-12-09;181.4;156.3
SPY;2013-12-10;180.75;155.74
SPY;2013-12-11;178.72;153.99
SPY;2013-12-12;178.13;153.48
SPY;2013-12-13;178.11;153.46
SPY;2013-12-16;179.22;154.42
SPY;2013-12-17;178.65;153.93
SPY;2013-12-18;181.7;156.56
SPY;2013-12-19;181.49;156.38
SPY;2013-12-20;181.56;157.28
SPY;2013-12-23;182.53;158.12
SPY;2013-12-24;182.93;158.47
SPY;2013-12-26;183.86;159.27
SPY;2013-12-27;183.85;159.26
SPY;2013-12-30;183.82;159.24
SPY;2013-12-31;184.69;159.99
SPY;2014-01-02;182.92;158.46
SPY;2014-01-03;182.89;158.43
SPY;2014-01-06;182.36;157.97
SPY;2014-01-07;183.48;158.94
SPY;2014-01-08;183.52;158.98
SPY;2014-01-09;183.64;159.08
SPY;2014-01-10;184.14;159.52
SPY;2014-01-13;181.69;157.39
SPY;2014-01-14;183.67;159.11
SPY;2014-01-15;184.66;159.97
SPY;2014-01-16;184.42;159.76
SPY;2014-01-17;183.64;159.08
SPY;2014-01-21;184.18;159.55
SPY;2014-01-22;184.3;159.65
SPY;2014-01-23;182.79;158.35
SPY;2014-01-24;178.89;154.97
SPY;2014-01-27;178.01;154.21
SPY;2014-01-28;179.07;155.12
SPY;2014-01-29;177.35;153.63
SPY;2014-01-30;179.23;155.26
SPY;2014-01-31;178.18;154.35
SPY;2014-02-03;174.17;150.88
SPY;2014-02-04;175.39;151.94
SPY;2014-02-05;175.17;151.75
SPY;2014-02-06;177.48;153.75
SPY;2014-02-07;179.68;155.65
SPY;2014-02-10;180.01;155.94
SPY;2014-02-11;181.98;157.64
SPY;2014-02-12;182.07;157.72
SPY;2014-02-13;183.01;158.54
SPY;2014-02-14;184.02;159.41
SPY;2014-02-18;184.24;159.6
SPY;2014-02-19;183.02;158.55
SPY;2014-02-20;184.1;159.48
SPY;2014-02-21;183.89;159.3
SPY;2014-02-24;184.91;160.18
SPY;2014-02-25;184.84;160.12
SPY;2014-02-26;184.85;160.13
SPY;2014-02-27;185.82;160.97
SPY;2014-02-28;186.29;161.38
SPY;2014-03-03;184.98;160.24
SPY;2014-03-04;187.58;162.5
SPY;2014-03-05;187.75;162.64
SPY;2014-03-06;188.18;163.02
SPY;2014-03-07;188.26;163.08
SPY;2014-03-10;188.16;163.0
SPY;2014-03-11;187.23;162.19
SPY;2014-03-12;187.28;162.24
SPY;2014-03-13;185.18;160.42
SPY;2014-03-14;184.66;159.97
SPY;2014-03-17;186.33;161.41
SPY;2014-03-18;187.66;162.56
SPY;2014-03-19;186.66;161.7
SPY;2014-03-20;187.75;162.64
SPY;2014-03-21;186.2;162.01
SPY;2014-03-24;185.43;161.34
SPY;2014-03-25;186.31;162.11
SPY;2014-03-26;184.97;160.94
SPY;2014-03-27;184.58;160.6
SPY;2014-03-28;185.49;161.4
SPY;2014-03-31;187.01;162.72
SPY;2014-04-01;188.25;163.8
SPY;2014-04-02;188.88;164.35
SPY;2014-04-03;188.63;164.13
SPY;2014-04-04;186.4;162.19
SPY;2014-04-07;184.34;160.4
SPY;2014-04-08;185.1;161.06
SPY;2014-04-09;187.09;162.79
SPY;2014-04-10;183.16;159.37
SPY;2014-04-11;181.51;157.93
SPY;2014-04-14;182.94;159.18
SPY;2014-04-15;184.2;160.27
SPY;2014-04-16;186.13;161.95
SPY;2014-04-17;186.39;162.18
SPY;2014-04-21;187.04;162.75
SPY;2014-04-22;187.89;163.48
SPY;2014-04-23;187.45;163.1
SPY;2014-04-24;187.83;163.43
SPY;2014-04-25;186.29;162.09
SPY;2014-04-28;186.88;162.61
SPY;2014-04-29;187.75;163.36
SPY;2014-04-30;188.31;163.85
SPY;2014-05-01;188.33;163.87
SPY;2014-05-02;188.06;163.63
SPY;2014-05-05;188.42;163.95
SPY;2014-05-06;186.78;162.52
SPY;2014-05-07;187.88;163.48
SPY;2014-05-08;187.68;163.3
SPY;2014-05-09;187.96;163.55
SPY;2014-05-12;189.79;165.14
SPY;2014-05-13;189.96;165.29
SPY;2014-05-14;189.06;164.5
SPY;2014-05-15;187.4;163.06
SPY;2014-05-16;188.05;163.62
SPY;2014-05-19;188.74;164.22
SPY;2014-05-20;187.55;163.19
SPY;2014-05-21;189.13;164.56
SPY;2014-05-22;189.59;164.96
SPY;2014-05-23;190.35;165.63
SPY;2014-05-27;191.52;166.64
SPY;2014-05-28;191.38;166.52
SPY;2014-05-29;192.37;167.38
SPY;2014-05-30;192.68;167.65
SPY;2014-06-02;192.9;167.84
SPY;2014-06-03;192.8;167.76
SPY;2014-06-04;193.19;168.1
SPY;2014-06-05;194.45;169.19
SPY;2014-06-06;195.38;170.0
SPY;2014-06-09;195.58;170.18
SPY;2014-06-10;195.6;170.19
SPY;2014-06-11;194.92;169.6
SPY;2014-06-12;193.54;168.4
SPY;2014-06-13;194.13;168.91
SPY;2014-06-16;194.29;169.05
SPY;2014-06-17;194.83;169.52
SPY;2014-06-18;196.26;170.77
SPY;2014-06-19;196.48;170.96
SPY;2014-06-20;195.94;171.3
SPY;2014-06-23;195.88;171.25
SPY;2014-06-24;194.7;170.22
SPY;2014-06-25;195.58;170.99
SPY;2014-06-26;195.44;170.87
SPY;2014-06-27;195.82;171.2
SPY;2014-06-30;195.72;171.11
SPY;2014-07-01;197.03;172.26
SPY;2014-07-02;197.23;172.43
SPY;2014-07-03;198.2;173.28
SPY;2014-07-07;197.51;172.68
SPY;2014-07-08;196.24;171.57
SPY;2014-07-09;197.12;172.34
SPY;2014-07-10;196.34;171.65
SPY;2014-07-11;196.61;171.89
SPY;2014-07-14;197.6;172.76
SPY;2014-07-15;197.23;172.43
SPY;2014-07-16;197.96;173.07
SPY;2014-07-17;195.71;171.1
SPY;2014-07-18;197.71;172.85
SPY;2014-07-21;197.34;172.53
SPY;2014-07-22;198.2;173.28
SPY;2014-07-23;198.64;173.66
SPY;2014-07-24;198.65;173.67
SPY;2014-07-25;197.72;172.86
SPY;2014-07-28;197.8;172.93
SPY;2014-07-29;196.95;172.19
SPY;2014-07-30;196.98;172.21
SPY;2014-07-31;193.09;168.81
SPY;2014-08-01;192.5;168.3
SPY;2014-08-04;193.89;169.51
SPY;2014-08-05;192.01;167.87
SPY;2014-08-06;192.07;167.92
SPY;2014-08-07;191.03;167.01
SPY;2014-08-08;193.24;168.94
SPY;2014-08-11;193.8;169.43
SPY;2014-08-12;193.53;169.2
SPY;2014-08-13;194.84;170.34
SPY;2014-08-14;195.76;171.15
SPY;2014-08-15;195.72;171.11
SPY;2014-08-18;197.36;172.55
SPY;2014-08-19;198.39;173.45
SPY;2014-08-20;198.92;173.91
SPY;2014-08-21;199.5;174.42
SPY;2014-08-22;199.19;174.15
SPY;2014-08-25;200.2;175.03
SPY;2014-08-26;200.33;175.14
SPY;2014-08-27;200.25;175.07
SPY;2014-08-28;200.14;174.98
SPY;2014-08-29;200.71;175.47
SPY;2014-09-02;200.61;175.39
SPY;2014-09-03;200.5;175.29
SPY;2014-09-04;200.21;175.04
SPY;2014-09-05;201.11;175.82
SPY;2014-09-08;200.59;175.37
SPY;2014-09-09;199.32;174.26
SPY;2014-09-10;200.07;174.92
SPY;2014-09-11;200.3;175.12
SPY;2014-09-12;199.13;174.09
SPY;2014-09-15;198.98;173.96
SPY;2014-09-16;200.48;175.27
SPY;2014-09-17;200.75;175.51
SPY;2014-09-18;201.82;176.45
SPY;2014-09-19;200.7;176.29
SPY;2014-09-22;199.15;174.93
SPY;2014-09-23;198.01;173.92
SPY;2014-09-24;199.56;175.29
SPY;2014-09-25;196.34;172.46
SPY;2014-09-26;197.9;173.83
SPY;2014-09-29;197.54;173.51
SPY;2014-09-30;197.02;173.05
SPY;2014-10-01;194.35;170.71
SPY;2014-10-02;194.38;170.74
SPY;2014-10-03;196.52;172.62
SPY;2014-10-06;196.29;172.41
SPY;2014-10-07;193.26;169.75
SPY;2014-10-08;196.64;172.72
SPY;2014-10-09;192.74;169.3
SPY;2014-10-10;190.54;167.36
SPY;2014-10-13;187.41;164.61
SPY;2014-10-14;187.7;164.87
SPY;2014-10-15;186.43;163.75
SPY;2014-10-16;186.27;163.61
SPY;2014-10-17;188.47;165.54
SPY;2014-10-20;190.3;167.15
SPY;2014-10-21;194.07;170.46
SPY;2014-10-22;192.69;169.25
SPY;2014-10-23;194.93;171.22
SPY;2014-10-24;196.43;172.54
SPY;2014-10-27;196.16;172.3
SPY;2014-10-28;198.41;174.28
SPY;2014-10-29;198.11;174.01
SPY;2014-10-30;199.38;175.13
SPY;2014-10-31;201.66;177.13
SPY;2014-11-03;201.77;177.23
SPY;2014-11-04;201.07;176.61
SPY;2014-11-05;202.34;177.73
SPY;2014-11-06;203.15;178.44
SPY;2014-11-07;203.34;178.61
SPY;2014-11-10;203.98;179.17
SPY;2014-11-11;204.18;179.34
SPY;2014-11-12;203.96;179.15
SPY;2014-11-13;204.19;179.35
SPY;2014-11-14;204.24;179.4
SPY;2014-11-17;204.37;179.51
SPY;2014-11-18;205.55;180.55
SPY;2014-11-19;205.22;180.26
SPY;2014-11-20;205.58;180.57
SPY;2014-11-21;206.68;181.54
SPY;2014-11-24;207.26;182.05
SPY;2014-11-25;207.11;181.92
SPY;2014-11-26;207.64;182.38
SPY;2014-11-28;207.2;182.0
SPY;2014-12-01;205.76;180.73
SPY;2014-12-02;207.09;181.9
SPY;2014-12-03;207.89;182.6
SPY;2014-12-04;207.66;182.4
SPY;2014-12-05;208.0;182.7
SPY;2014-12-08;206.61;181.48
SPY;2014-12-09;206.47;181.36
SPY;2014-12-10;203.16;178.45
SPY;2014-12-11;204.19;179.35
SPY;2014-12-12;200.89;176.45
SPY;2014-12-15;199.51;175.24
SPY;2014-12-16;197.91;173.84
SPY;2014-12-17;201.79;177.24
SPY;2014-12-18;206.78;181.63
SPY;2014-12-19;206.52;182.4
SPY;2014-12-22;207.47;183.23
SPY;2014-12-23;207.75;183.48
SPY;2014-12-24;207.77;183.5
SPY;2014-12-26;208.44;184.09
SPY;2014-12-29;208.72;184.34
SPY;2014-12-30;207.6;183.35
SPY;2014-12-31;205.54;181.53
SPY;2015-01-02;205.43;181.43
SPY;2015-01-05;201.72;178.16
SPY;2015-01-06;199.82;176.48
SPY;2015-01-07;202.31;178.68
SPY;2015-01-08;205.9;181.85
SPY;2015-01-09;204.25;180.39
SPY;2015-01-12;202.65;178.98
SPY;2015-01-13;202.08;178.47
SPY;2015-01-14;200.86;177.4
SPY;2015-01-15;199.02;175.77
SPY;2015-01-16;201.63;178.08
SPY;2015-01-20;202.06;178.46
SPY;2015-01-21;203.08;179.36
SPY;2015-01-22;206.1;182.02
SPY;2015-01-23;204.97;181.03
SPY;2015-01-26;205.45;181.45
SPY;2015-01-27;202.74;179.06
SPY;2015-01-28;200.14;176.76
SPY;2015-01-29;201.99;178.4
SPY;2015-01-30;199.45;176.15
SPY;2015-02-02;201.92;178.33
SPY;2015-02-03;204.84;180.91
SPY;2015-02-04;204.06;180.22
SPY;2015-02-05;206.12;182.04
SPY;2015-02-06;205.55;181.54
SPY;2015-02-09;204.63;180.73
SPY;2015-02-10;206.81;182.65
SPY;2015-02-11;206.93;182.76
SPY;2015-02-12;208.92;184.52
SPY;2015-02-13;209.78;185.28
SPY;2015-02-17;210.11;185.57
SPY;2015-02-18;210.13;185.58
SPY;2015-02-19;209.98;185.45
SPY;2015-02-20;211.24;186.56
SPY;2015-02-23;211.21;186.54
SPY;2015-02-24;211.81;187.07
SPY;2015-02-25;211.63;186.91
SPY;2015-02-26;211.38;186.69
SPY;2015-02-27;210.66;186.05
SPY;2015-03-02;211.99;187.23
SPY;2015-03-03;211.12;186.46
SPY;2015-03-04;210.23;185.67
SPY;2015-03-05;210.46;185.88
SPY;2015-03-06;207.5;183.26
SPY;2015-03-09;208.36;184.02
SPY;2015-03-10;204.98;181.04
SPY;2015-03-11;204.5;180.61
SPY;2015-03-12;207.1;182.91
SPY;2015-03-13;205.83;181.79
SPY;2015-03-16;208.58;184.22
SPY;2015-03-17;207.96;183.67
SPY;2015-03-18;210.46;185.88
SPY;2015-03-19;209.5;185.03
SPY;2015-03-20;210.41;186.65
SPY;2015-03-23;210.0;186.29
SPY;2015-03-24;208.82;185.24
SPY;2015-03-25;205.76;182.53
SPY;2015-03-26;205.27;182.09
SPY;2015-03-27;205.74;182.51
SPY;2015-03-30;208.25;184.74
SPY;2015-03-31;206.43;183.12
SPY;2015-04-01;205.7;182.48
SPY;2015-04-02;206.44;183.13
SPY;2015-04-06;207.83;184.36
SPY;2015-04-07;207.28;183.88
SPY;2015-04-08;207.98;184.5
SPY;2015-04-09;208.9;185.31
SPY;2015-04-10;210.04;186.33
SPY;2015-04-13;209.09;185.48
SPY;2015-04-14;209.49;185.84
SPY;2015-04-15;210.43;186.67
SPY;2015-04-16;210.37;186.62
SPY;2015-04-17;207.95;184.47
SPY;2015-04-20;209.85;186.16
SPY;2015-04-21;209.6;185.94
SPY;2015-04-22;210.63;186.85
SPY;2015-04-23;211.16;187.32
SPY;2015-04-24;211.65;187.75
SPY;2015-04-27;210.77;186.97
SPY;2015-04-28;211.44;187.57
SPY;2015-04-29;210.57;186.8
SPY;2015-04-30;208.46;184.92
SPY;2015-05-01;210.72;186.93
SPY;2015-05-04;211.32;187.46
SPY;2015-05-05;208.9;185.31
SPY;2015-05-06;208.04;184.55
SPY;2015-05-07;208.87;185.29
SPY;2015-05-08;211.62;187.73
SPY;2015-05-11;210.61;186.83
SPY;2015-05-12;209.98;186.27
SPY;2015-05-13;210.02;186.31
SPY;2015-05-14;212.21;188.25
SPY;2015-05-15;212.44;188.45
SPY;2015-05-18;213.1;189.04
SPY;2015-05-19;213.03;188.98
SPY;2015-05-20;212.88;188.84
SPY;2015-05-21;213.5;189.39
SPY;2015-05-22;212.99;188.94
SPY;2015-05-26;210.7;186.91
SPY;2015-05-27;212.7;188.69
SPY;2015-05-28;212.46;188.47
SPY;2015-05-29;211.14;187.3
SPY;2015-06-01;211.57;187.68
SPY;2015-06-02;211.36;187.5
SPY;2015-06-03;211.92;187.99
SPY;2015-06-04;210.13;186.41
SPY;2015-06-05;209.77;186.09
SPY;2015-06-08;208.42;184.89
SPY;2015-06-09;208.45;184.91
SPY;2015-06-10;210.96;187.14
SPY;2015-06-11;211.65;187.75
SPY;2015-06-12;209.93;186.23
SPY;2015-06-15;209.1;185.49
SPY;2015-06-16;210.25;186.51
SPY;2015-06-17;210.59;186.81
SPY;2015-06-18;212.71;188.69
SPY;2015-06-19;210.81;187.92
SPY;2015-06-22;211.89;188.88
SPY;2015-06-23;212.05;189.03
SPY;2015-06-24;210.51;187.65
SPY;2015-06-25;209.83;187.05
SPY;2015-06-26;209.9;187.11
SPY;2015-06-29;205.47;183.16
SPY;2015-06-30;205.89;183.54
SPY;2015-07-01;207.57;185.03
SPY;2015-07-02;207.32;184.81
SPY;2015-07-06;206.67;184.23
SPY;2015-07-07;208.01;185.43
SPY;2015-07-08;204.53;182.32
SPY;2015-07-09;204.8;182.56
SPY;2015-07-10;207.48;184.95
SPY;2015-07-13;209.76;186.99
SPY;2015-07-14;210.72;187.84
SPY;2015-07-15;210.63;187.76
SPY;2015-07-16;212.27;189.22
SPY;2015-07-17;212.47;189.4
SPY;2015-07-20;212.62;189.54
SPY;2015-07-21;211.76;188.77
SPY;2015-07-22;211.29;188.35
SPY;2015-07-23;210.14;187.32
SPY;2015-07-24;207.94;185.36
SPY;2015-07-27;206.74;184.29
SPY;2015-07-28;209.31;186.59
SPY;2015-07-29;210.77;187.89
SPY;2015-07-30;210.82;187.93
SPY;2015-07-31;210.45;187.6
SPY;2015-08-03;209.73;186.96
SPY;2015-08-04;209.32;186.59
SPY;2015-08-05;210.1;187.29
SPY;2015-08-06;208.35;185.73
SPY;2015-08-07;207.92;185.35
SPY;2015-08-10;210.63;187.76
SPY;2015-08-11;208.66;186.01
SPY;2015-08-12;208.92;186.24
SPY;2015-08-13;208.7;186.04
SPY;2015-08-14;209.36;186.63
SPY;2015-08-17;210.56;187.7
SPY;2015-08-18;209.93;187.14
SPY;2015-08-19;208.28;185.67
SPY;2015-08-20;204.01;181.86
SPY;2015-08-21;197.63;176.17
SPY;2015-08-24;189.5;168.93
SPY;2015-08-25;187.23;166.9
SPY;2015-08-26;194.68;173.54
SPY;2015-08-27;199.16;177.54
SPY;2015-08-28;199.24;177.61
SPY;2015-08-31;197.54;176.09
SPY;2015-09-01;191.77;170.95
SPY;2015-09-02;195.41;174.19
SPY;2015-09-03;195.65;174.41
SPY;2015-09-04;192.59;171.68
SPY;2015-09-08;197.46;176.02
SPY;2015-09-09;194.76;173.61
SPY;2015-09-10;195.85;174.59
SPY;2015-09-11;196.74;175.38
SPY;2015-09-14;195.98;174.7
SPY;2015-09-15;198.45;176.9
SPY;2015-09-16;200.14;178.41
SPY;2015-09-17;199.7;178.02
SPY;2015-09-18;195.36;175.07
SPY;2015-09-21;196.44;176.04
SPY;2015-09-22;193.9;173.76
SPY;2015-09-23;193.6;173.49
SPY;2015-09-24;192.93;172.89
SPY;2015-09-25;192.87;172.84
SPY;2015-09-28;187.91;168.39
SPY;2015-09-29;188.08;168.55
SPY;2015-09-30;191.59;171.69
SPY;2015-10-01;192.13;172.18
SPY;2015-10-02;195.0;174.75
SPY;2015-10-05;198.47;177.86
SPY;2015-10-06;197.79;177.25
SPY;2015-10-07;199.41;178.7
SPY;2015-10-08;201.21;180.31
SPY;2015-10-09;201.33;180.42
SPY;2015-10-12;201.52;180.59
SPY;2015-10-13;200.25;179.45
SPY;2015-10-14;199.29;178.59
SPY;2015-10-15;202.35;181.33
SPY;2015-10-16;203.27;182.16
SPY;2015-10-19;203.37;182.25
SPY;2015-10-20;203.11;182.02
SPY;2015-10-21;201.85;180.89
SPY;2015-10-22;205.21;183.9
SPY;2015-10-23;207.52;185.97
SPY;2015-10-26;206.99;185.49
SPY;2015-10-27;206.57;185.12
SPY;2015-10-28;208.94;187.24
SPY;2015-10-29;208.89;187.2
SPY;2015-10-30;207.93;186.34
SPY;2015-11-02;210.39;188.54
SPY;2015-11-03;211.0;189.09
SPY;2015-11-04;210.38;188.53
SPY;2015-11-05;210.15;188.32
SPY;2015-11-06;210.04;188.23
SPY;2015-11-09;208.08;186.47
SPY;2015-11-10;208.56;186.9
SPY;2015-11-11;207.74;186.17
SPY;2015-11-12;204.84;183.57
SPY;2015-11-13;202.54;181.51
SPY;2015-11-16;205.62;184.27
SPY;2015-11-17;205.47;184.13
SPY;2015-11-18;208.73;187.05
SPY;2015-11-19;208.55;186.89
SPY;2015-11-20;209.31;187.57
SPY;2015-11-23;209.07;187.36
SPY;2015-11-24;209.35;187.61
SPY;2015-11-25;209.32;187.58
SPY;2015-11-27;209.56;187.8
SPY;2015-11-30;208.69;187.02
SPY;2015-12-01;210.68;188.8
SPY;2015-12-02;208.53;186.87
SPY;2015-12-03;205.61;184.26
SPY;2015-12-04;209.62;187.85
SPY;2015-12-07;208.35;186.71
SPY;2015-12-08;206.95;185.46
SPY;2015-12-09;205.34;184.01
SPY;2015-12-10;205.87;184.49
SPY;2015-12-11;201.88;180.91
SPY;2015-12-14;202.9;181.83
SPY;2015-12-15;205.03;183.74
SPY;2015-12-16;208.03;186.43
SPY;2015-12-17;204.86;183.58
SPY;2015-12-18;200.02;180.33
SPY;2015-12-21;201.67;181.82
SPY;2015-12-22;203.5;183.47
SPY;2015-12-23;206.02;185.74
SPY;2015-12-24;205.68;185.44
SPY;2015-12-28;205.21;185.01
SPY;2015-12-29;207.4;186.99
SPY;2015-12-30;205.93;185.66
SPY;2015-12-31;203.87;183.8
SPY;2016-01-04;201.02;181.23
SPY;2016-01-05;201.36;181.54
SPY;2016-01-06;198.82;179.25
SPY;2016-01-07;194.05;174.95
SPY;2016-01-08;191.92;173.03
SPY;2016-01-11;192.11;173.2
SPY;2016-01-12;193.66;174.6
SPY;2016-01-13;188.83;170.24
SPY;2016-01-14;191.93;173.04
SPY;2016-01-15;187.81;169.32
SPY;2016-01-19;188.06;169.55
SPY;2016-01-20;185.65;167.38
SPY;2016-01-21;186.69;168.31
SPY;2016-01-22;190.52;171.77
SPY;2016-01-25;187.64;169.17
SPY;2016-01-26;190.2;171.48
SPY;2016-01-27;188.13;169.61
SPY;2016-01-28;189.11;170.5
SPY;2016-01-29;193.72;174.65
SPY;2016-02-01;193.65;174.59
SPY;2016-02-02;190.16;171.44
SPY;2016-02-03;191.3;172.47
SPY;2016-02-04;191.6;172.74
SPY;2016-02-05;187.95;169.45
SPY;2016-02-08;185.42;167.17
SPY;2016-02-09;185.43;167.18
SPY;2016-02-10;185.27;167.03
SPY;2016-02-11;182.86;164.86
SPY;2016-02-12;186.63;168.26
SPY;2016-02-16;189.78;171.1
SPY;2016-02-17;192.88;173.9
SPY;2016-02-18;192.09;173.18
SPY;2016-02-19;192.0;173.1
SPY;2016-02-22;194.78;175.61
SPY;2016-02-23;192.32;173.39
SPY;2016-02-24;193.2;174.18
SPY;2016-02-25;195.54;176.29
SPY;2016-02-26;195.09;175.89
SPY;2016-02-29;193.56;174.51
SPY;2016-03-01;198.11;178.61
SPY;2016-03-02;199.0;179.41
SPY;2016-03-03;199.78;180.12
SPY;2016-03-04;200.43;180.7
SPY;2016-03-07;200.59;180.85
SPY;2016-03-08;198.4;178.87
SPY;2016-03-09;199.38;179.76
SPY;2016-03-10;199.54;179.9
SPY;2016-03-11;202.76;182.8
SPY;2016-03-14;202.5;182.57
SPY;2016-03-15;202.17;182.27
SPY;2016-03-16;203.34;183.33
SPY;2016-03-17;204.63;184.49
SPY;2016-03-18;204.38;185.21
SPY;2016-03-21;204.67;185.47
SPY;2016-03-22;204.56;185.37
SPY;2016-03-23;203.21;184.15
SPY;2016-03-24;203.12;184.07
SPY;2016-03-28;203.24;184.18
SPY;2016-03-29;205.12;185.88
SPY;2016-03-30;206.02;186.7
SPY;2016-03-31;205.52;186.24
SPY;2016-04-01;206.92;187.51
SPY;2016-04-04;206.25;186.9
SPY;2016-04-05;204.19;185.04
SPY;2016-04-06;206.42;187.06
SPY;2016-04-07;203.95;184.82
SPY;2016-04-08;204.5;185.32
SPY;2016-04-11;204.02;184.88
SPY;2016-04-12;205.92;186.61
SPY;2016-04-13;208.0;188.49
SPY;2016-04-14;208.01;188.5
SPY;2016-04-15;207.78;188.29
SPY;2016-04-18;209.24;189.61
SPY;2016-04-19;209.9;190.21
SPY;2016-04-20;210.1;190.39
SPY;2016-04-21;208.97;189.37
SPY;2016-04-22;208.97;189.37
SPY;2016-04-25;208.61;189.04
SPY;2016-04-26;208.92;189.32
SPY;2016-04-27;209.35;189.71
SPY;2016-04-28;207.45;187.99
SPY;2016-04-29;206.33;186.98
SPY;2016-05-02;207.97;188.46
SPY;2016-05-03;206.16;186.82
SPY;2016-05-04;205.01;185.78
SPY;2016-05-05;204.97;185.74
SPY;2016-05-06;205.72;186.42
SPY;2016-05-09;205.89;186.58
SPY;2016-05-10;208.45;188.9
SPY;2016-05-11;206.5;187.13
SPY;2016-05-12;206.56;187.19
SPY;2016-05-13;204.76;185.55
SPY;2016-05-16;206.78;187.38
SPY;2016-05-17;204.85;185.64
SPY;2016-05-18;204.91;185.69
SPY;2016-05-19;204.2;185.05
SPY;2016-05-20;205.49;186.22
SPY;2016-05-23;205.21;185.96
SPY;2016-05-24;207.87;188.37
SPY;2016-05-25;209.28;189.65
SPY;2016-05-26;209.34;189.7
SPY;2016-05-27;210.24;190.52
SPY;2016-05-31;209.84;190.16
SPY;2016-06-01;210.27;190.55
SPY;2016-06-02;210.91;191.13
SPY;2016-06-03;210.28;190.56
SPY;2016-06-06;211.35;191.53
SPY;2016-06-07;211.68;191.83
SPY;2016-06-08;212.37;192.45
SPY;2016-06-09;212.08;192.19
SPY;2016-06-10;210.07;190.37
SPY;2016-06-13;208.45;188.9
SPY;2016-06-14;208.04;188.53
SPY;2016-06-15;207.75;188.26
SPY;2016-06-16;208.37;188.83
SPY;2016-06-17;206.52;188.13
SPY;2016-06-20;207.85;189.34
SPY;2016-06-21;208.44;189.88
SPY;2016-06-22;208.1;189.57
SPY;2016-06-23;210.81;192.03
SPY;2016-06-24;203.24;185.14
SPY;2016-06-27;199.6;181.82
SPY;2016-06-28;203.2;185.1
SPY;2016-06-29;206.66;188.25
SPY;2016-06-30;209.48;190.82
SPY;2016-07-01;209.92;191.22
SPY;2016-07-05;208.41;189.85
SPY;2016-07-06;209.66;190.99
SPY;2016-07-07;209.53;190.87
SPY;2016-07-08;212.65;193.71
SPY;2016-07-11;213.4;194.39
SPY;2016-07-12;214.95;195.81
SPY;2016-07-13;214.92;195.78
SPY;2016-07-14;216.12;196.87
SPY;2016-07-15;215.83;196.61
SPY;2016-07-18;216.41;197.14
SPY;2016-07-19;216.19;196.94
SPY;2016-07-20;217.09;197.75
SPY;2016-07-21;216.27;197.01
SPY;2016-07-22;217.24;197.89
SPY;2016-07-25;216.65;197.35
SPY;2016-07-26;216.75;197.45
SPY;2016-07-27;216.52;197.24
SPY;2016-07-28;216.77;197.46
SPY;2016-07-29;217.12;197.78
SPY;2016-08-01;216.94;197.62
SPY;2016-08-02;215.55;196.35
SPY;2016-08-03;216.18;196.93
SPY;2016-08-04;216.41;197.14
SPY;2016-08-05;218.18;198.75
SPY;2016-08-08;218.05;198.63
SPY;2016-08-09;218.18;198.75
SPY;2016-08-10;217.64;198.26
SPY;2016-08-11;218.65;199.18
SPY;2016-08-12;218.46;199.0
SPY;2016-08-15;219.09;199.58
SPY;2016-08-16;217.96;198.55
SPY;2016-08-17;218.37;198.92
SPY;2016-08-18;218.86;199.37
SPY;2016-08-19;218.54;199.08
SPY;2016-08-22;218.53;199.07
SPY;2016-08-23;218.97;199.47
SPY;2016-08-24;217.85;198.45
SPY;2016-08-25;217.7;198.31
SPY;2016-08-26;217.29;197.94
SPY;2016-08-29;218.36;198.91
SPY;2016-08-30;218.0;198.58
SPY;2016-08-31;217.38;198.02
SPY;2016-09-01;217.39;198.03
SPY;2016-09-02;218.37;198.92
SPY;2016-09-06;219.03;199.52
SPY;2016-09-07;219.01;199.5
SPY;2016-09-08;218.51;199.05
SPY;2016-09-09;213.28;194.28
SPY;2016-09-12;216.34;197.07
SPY;2016-09-13;213.23;194.24
SPY;2016-09-14;213.15;194.17
SPY;2016-09-15;215.28;196.11
SPY;2016-09-16;213.37;195.35
SPY;2016-09-19;213.41;195.39
SPY;2016-09-20;213.42;195.4
SPY;2016-09-21;215.82;197.6
SPY;2016-09-22;217.18;198.84
SPY;2016-09-23;215.99;197.75
SPY;2016-09-26;214.24;196.15
SPY;2016-09-27;215.57;197.37
SPY;2016-09-28;216.64;198.35
SPY;2016-09-29;214.68;196.55
SPY;2016-09-30;216.3;198.03
SPY;2016-10-03;215.78;197.56
SPY;2016-10-04;214.68;196.55
SPY;2016-10-05;215.63;197.42
SPY;2016-10-06;215.78;197.56
SPY;2016-10-07;215.04;196.88
SPY;2016-10-10;216.16;197.91
SPY;2016-10-11;213.43;195.41
SPY;2016-10-12;213.71;195.66
SPY;2016-10-13;213.01;195.02
SPY;2016-10-14;213.12;195.12
SPY;2016-10-17;212.38;194.45
SPY;2016-10-18;213.71;195.66
SPY;2016-10-19;214.28;196.19
SPY;2016-10-20;213.88;195.82
SPY;2016-10-21;213.98;195.91
SPY;2016-10-24;214.89;196.74
SPY;2016-10-25;214.17;196.08
SPY;2016-10-26;213.74;195.69
SPY;2016-10-27;213.17;195.17
SPY;2016-10-28;212.54;194.59
SPY;2016-10-31;212.55;194.6
SPY;2016-11-01;211.01;193.19
SPY;2016-11-02;209.74;192.03
SPY;2016-11-03;208.78;191.15
SPY;2016-11-04;208.55;190.94
SPY;2016-11-07;213.15;195.15
SPY;2016-11-08;214.11;196.03
SPY;2016-11-09;216.38;198.11
SPY;2016-11-10;216.92;198.6
SPY;2016-11-11;216.42;198.14
SPY;2016-11-14;216.59;198.3
SPY;2016-11-15;218.28;199.85
SPY;2016-11-16;217.87;199.47
SPY;2016-11-17;218.99;200.5
SPY;2016-11-18;218.5;200.05
SPY;2016-11-21;220.15;201.56
SPY;2016-11-22;220.58;201.95
SPY;2016-11-23;220.7;202.06
SPY;2016-11-25;221.52;202.81
SPY;2016-11-28;220.48;201.86
SPY;2016-11-29;220.91;202.26
SPY;2016-11-30;220.38;201.77
SPY;2016-12-01;219.57;201.03
SPY;2016-12-02;219.68;201.13
SPY;2016-12-05;221.0;202.34
SPY;2016-12-06;221.7;202.98
SPY;2016-12-07;224.6;205.63
SPY;2016-12-08;225.15;206.14
SPY;2016-12-09;226.51;207.38
SPY;2016-12-12;226.25;207.14
SPY;2016-12-13;227.76;208.53
SPY;2016-12-14;225.88;206.81
SPY;2016-12-15;226.81;207.66
SPY;2016-12-16;225.04;207.25
SPY;2016-12-19;225.53;207.7
SPY;2016-12-20;226.4;208.51
SPY;2016-12-21;225.77;207.93
SPY;2016-12-22;225.38;207.57
SPY;2016-12-23;225.71;207.87
SPY;2016-12-27;226.27;208.39
SPY;2016-12-28;224.4;206.66
SPY;2016-12-29;224.35;206.62
SPY;2016-12-30;223.53;205.86
SPY;2017-01-03;225.24;207.44
SPY;2017-01-04;226.58;208.67
SPY;2017-01-05;226.4;208.51
SPY;2017-01-06;227.21;209.25
SPY;2017-01-09;226.46;208.56
SPY;2017-01-10;226.46;208.56
SPY;2017-01-11;227.1;209.15
SPY;2017-01-12;226.53;208.63
SPY;2017-01-13;227.05;209.1
SPY;2017-01-17;226.25;208.37
SPY;2017-01-18;226.75;208.83
SPY;2017-01-19;225.91;208.05
SPY;2017-01-20;226.74;208.82
SPY;2017-01-23;226.15;208.28
SPY;2017-01-24;227.6;209.61
SPY;2017-01-25;229.57;211.43
SPY;2017-01-26;229.33;211.2
SPY;2017-01-27;228.97;210.87
SPY;2017-01-30;227.55;209.56
SPY;2017-01-31;227.53;209.55
SPY;2017-02-01;227.62;209.63
SPY;2017-02-02;227.77;209.77
SPY;2017-02-03;229.34;211.21
SPY;2017-02-06;228.93;210.84
SPY;2017-02-07;228.94;210.84
SPY;2017-02-08;229.24;211.12
SPY;2017-02-09;230.6;212.37
SPY;2017-02-10;231.51;213.21
SPY;2017-02-13;232.77;214.37
SPY;2017-02-14;233.7;215.23
SPY;2017-02-15;234.92;216.35
SPY;2017-02-16;234.72;216.17
SPY;2017-02-17;235.09;216.51
SPY;2017-02-21;236.49;217.8
SPY;2017-02-22;236.28;217.6
SPY;2017-02-23;236.44;217.75
SPY;2017-02-24;236.74;218.03
SPY;2017-02-27;237.11;218.37
SPY;2017-02-28;236.47;217.78
SPY;2017-03-01;239.78;220.83
SPY;2017-03-02;238.27;219.44
SPY;2017-03-03;238.42;219.58
SPY;2017-03-06;237.71;218.92
SPY;2017-03-07;237.0;218.27
SPY;2017-03-08;236.56;217.86
SPY;2017-03-09;236.86;218.14
SPY;2017-03-10;237.69;218.9
SPY;2017-03-13;237.81;219.01
SPY;2017-03-14;236.9;218.18
SPY;2017-03-15;238.95;220.06
SPY;2017-03-16;238.48;219.63
SPY;2017-03-17;237.03;219.25
SPY;2017-03-20;236.77;219.01
SPY;2017-03-21;233.73;216.19
SPY;2017-03-22;234.28;216.7
SPY;2017-03-23;234.03;216.47
SPY;2017-03-24;233.86;216.31
SPY;2017-03-27;233.62;216.09
SPY;2017-03-28;235.32;217.67
SPY;2017-03-29;235.54;217.87
SPY;2017-03-30;236.29;218.56
SPY;2017-03-31;235.74;218.05
SPY;2017-04-03;235.33;217.67
SPY;2017-04-04;235.48;217.81
SPY;2017-04-05;234.78;217.17
SPY;2017-04-06;235.44;217.78
SPY;2017-04-07;235.2;217.55
SPY;2017-04-10;235.34;217.68
SPY;2017-04-11;235.06;217.42
SPY;2017-04-12;234.03;216.47
SPY;2017-04-13;232.51;215.07
SPY;2017-04-17;234.57;216.97
SPY;2017-04-18;233.87;216.32
SPY;2017-04-19;233.44;215.93
SPY;2017-04-20;235.34;217.68
SPY;2017-04-21;234.59;216.99
SPY;2017-04-24;237.17;219.38
SPY;2017-04-25;238.55;220.65
SPY;2017-04-26;238.4;220.51
SPY;2017-04-27;238.6;220.7
SPY;2017-04-28;238.08;220.22
SPY;2017-05-01;238.68;220.77
SPY;2017-05-02;238.77;220.86
SPY;2017-05-03;238.48;220.59
SPY;2017-05-04;238.76;220.85
SPY;2017-05-05;239.7;221.72
SPY;2017-05-08;239.66;221.68
SPY;2017-05-09;239.44;221.48
SPY;2017-05-10;239.87;221.87
SPY;2017-05-11;239.38;221.42
SPY;2017-05-12;238.98;221.05
SPY;2017-05-15;240.3;222.27
SPY;2017-05-16;240.08;222.07
SPY;2017-05-17;235.82;218.13
SPY;2017-05-18;236.77;219.01
SPY;2017-05-19;238.31;220.43
SPY;2017-05-22;239.52;221.55
SPY;2017-05-23;240.05;222.04
SPY;2017-05-24;240.61;222.56
SPY;2017-05-25;241.76;223.62
SPY;2017-05-26;241.71;223.58
SPY;2017-05-30;241.5;223.38
SPY;2017-05-31;241.44;223.33
SPY;2017-06-01;243.36;225.1
SPY;2017-06-02;244.17;225.85
SPY;2017-06-05;243.99;225.68
SPY;2017-06-06;243.21;224.96
SPY;2017-06-07;243.66;225.38
SPY;2017-06-08;243.78;225.49
SPY;2017-06-09;243.41;225.15
SPY;2017-06-12;243.36;225.1
SPY;2017-06-13;244.55;226.2
SPY;2017-06-14;244.24;225.92
SPY;2017-06-15;243.77;225.48
SPY;2017-06-16;242.64;225.53
SPY;2017-06-19;244.66;227.41
SPY;2017-06-20;243.01;225.87
SPY;2017-06-21;242.95;225.82
SPY;2017-06-22;242.84;225.72
SPY;2017-06-23;243.13;225.99
SPY;2017-06-26;243.29;226.13
SPY;2017-06-27;241.33;224.31
SPY;2017-06-28;243.49;226.32
SPY;2017-06-29;241.35;224.33
SPY;2017-06-30;241.8;224.75
SPY;2017-07-03;242.21;225.13
SPY;2017-07-05;242.77;225.65
SPY;2017-07-06;240.55;223.59
SPY;2017-07-07;242.11;225.04
SPY;2017-07-10;242.37;225.28
SPY;2017-07-11;242.19;225.11
SPY;2017-07-12;244.01;226.8
SPY;2017-07-13;244.42;227.18
SPY;2017-07-14;245.56;228.24
SPY;2017-07-17;245.53;228.22
SPY;2017-07-18;245.66;228.34
SPY;2017-07-19;246.99;229.57
SPY;2017-07-20;247.1;229.68
SPY;2017-07-21;246.88;229.47
SPY;2017-07-24;246.82;229.42
SPY;2017-07-25;247.42;229.97
SPY;2017-07-26;247.43;229.98
SPY;2017-07-27;247.2;229.77
SPY;2017-07-28;246.91;229.5
SPY;2017-07-31;246.77;229.37
SPY;2017-08-01;247.32;229.88
SPY;2017-08-02;247.44;229.99
SPY;2017-08-03;246.96;229.55
SPY;2017-08-04;247.41;229.96
SPY;2017-08-07;247.87;230.39
SPY;2017-08-08;247.26;229.82
SPY;2017-08-09;247.25;229.82
SPY;2017-08-10;243.76;226.57
SPY;2017-08-11;244.12;226.91
SPY;2017-08-14;246.54;229.16
SPY;2017-08-15;246.51;229.13
SPY;2017-08-16;246.94;229.53
SPY;2017-08-17;243.09;225.95
SPY;2017-08-18;242.71;225.6
SPY;2017-08-21;242.9;225.77
SPY;2017-08-22;245.44;228.13
SPY;2017-08-23;244.56;227.32
SPY;2017-08-24;243.99;226.79
SPY;2017-08-25;244.56;227.32
SPY;2017-08-28;244.57;227.32
SPY;2017-08-29;244.85;227.58
SPY;2017-08-30;246.01;228.66
SPY;2017-08-31;247.49;230.04
SPY;2017-09-01;247.84;230.36
SPY;2017-09-05;246.06;228.71
SPY;2017-09-06;246.9;229.49
SPY;2017-09-07;246.87;229.46
SPY;2017-09-08;246.58;229.19
SPY;2017-09-11;249.21;231.64
SPY;2017-09-12;250.05;232.42
SPY;2017-09-13;250.17;232.53
SPY;2017-09-14;250.09;232.46
SPY;2017-09-15;249.19;232.77
SPY;2017-09-18;249.72;233.26
SPY;2017-09-19;249.97;233.49
SPY;2017-09-20;250.06;233.58
SPY;2017-09-21;249.39;232.95
SPY;2017-09-22;249.44;233.0
SPY;2017-09-25;248.93;232.52
SPY;2017-09-26;249.08;232.66
SPY;2017-09-27;250.05;233.57
SPY;2017-09-28;250.35;233.85
SPY;2017-09-29;251.23;234.67
SPY;2017-10-02;252.32;235.69
SPY;2017-10-03;252.86;236.19
SPY;2017-10-04;253.16;236.47
SPY;2017-10-05;254.66;237.88
SPY;2017-10-06;254.37;237.6
SPY;2017-10-09;253.95;237.21
SPY;2017-10-10;254.62;237.84
SPY;2017-10-11;255.02;238.21
SPY;2017-10-12;254.64;237.86
SPY;2017-10-13;254.95;238.15
SPY;2017-10-16;255.29;238.46
SPY;2017-10-17;255.47;238.63
SPY;2017-10-18;255.72;238.87
SPY;2017-10-19;255.79;238.93
SPY;2017-10-20;257.11;240.16
SPY;2017-10-23;256.11;239.23
SPY;2017-10-24;256.56;239.65
SPY;2017-10-25;255.29;238.46
SPY;2017-10-26;255.62;238.77
SPY;2017-10-27;257.71;240.72
SPY;2017-10-30;256.75;239.83
SPY;2017-10-31;257.15;240.2
SPY;2017-11-01;257.49;240.52
SPY;2017-11-02;257.59;240.61
SPY;2017-11-03;258.45;241.42
SPY;2017-11-06;258.85;241.79
SPY;2017-11-07;258.67;241.62
SPY;2017-11-08;259.11;242.03
SPY;2017-11-09;258.17;241.15
SPY;2017-11-10;258.09;241.08
SPY;2017-11-13;258.33;241.3
SPY;2017-11-14;257.73;240.74
SPY;2017-11-15;256.44;239.54
SPY;2017-11-16;258.62;241.57
SPY;2017-11-17;257.86;240.86
SPY;2017-11-20;258.3;241.28
SPY;2017-11-21;259.99;242.85
SPY;2017-11-22;259.76;242.64
SPY;2017-11-24;260.36;243.2
SPY;2017-11-27;260.23;243.08
SPY;2017-11-28;262.87;245.54
SPY;2017-11-29;262.71;245.39
SPY;2017-11-30;265.01;247.54
SPY;2017-12-01;264.46;247.03
SPY;2017-12-04;264.14;246.73
SPY;2017-12-05;263.19;245.84
SPY;2017-12-06;263.24;245.89
SPY;2017-12-07;264.07;246.67
SPY;2017-12-08;265.51;248.01
SPY;2017-12-11;266.31;248.76
SPY;2017-12-12;266.78;249.2
SPY;2017-12-13;266.75;249.17
SPY;2017-12-14;265.66;248.15
SPY;2017-12-15;266.51;250.21
SPY;2017-12-18;268.2;251.79
SPY;2017-12-19;267.17;250.83
SPY;2017-12-20;267.03;250.69
SPY;2017-12-21;267.58;251.21
SPY;2017-12-22;267.51;251.15
SPY;2017-12-26;267.19;250.85
SPY;2017-12-27;267.32;250.97
SPY;2017-12-28;267.87;251.48
SPY;2017-12-29;266.86;250.54
SPY;2018-01-02;268.77;252.33
SPY;2018-01-03;270.47;253.92
SPY;2018-01-04;271.61;254.99
SPY;2018-01-05;273.42;256.69
SPY;2018-01-08;273.92;257.16
SPY;2018-01-09;274.54;257.75
SPY;2018-01-10;274.12;257.35
SPY;2018-01-11;276.12;259.23
SPY;2018-01-12;277.92;260.92
SPY;2018-01-16;276.97;260.03
SPY;2018-01-17;279.61;262.51
SPY;2018-01-18;279.14;262.06
SPY;2018-01-19;280.41;263.26
SPY;2018-01-22;282.69;265.4
SPY;2018-01-23;283.29;265.96
SPY;2018-01-24;283.18;265.86
SPY;2018-01-25;283.3;265.97
SPY;2018-01-26;286.58;269.05
SPY;2018-01-29;284.68;267.27
SPY;2018-01-30;281.76;264.52
SPY;2018-01-31;281.9;264.66
SPY;2018-02-01;281.58;264.35
SPY;2018-02-02;275.45;258.6
SPY;2018-02-05;263.93;247.78
SPY;2018-02-06;269.13;252.67
SPY;2018-02-07;267.67;251.3
SPY;2018-02-08;257.63;241.87
SPY;2018-02-09;261.5;245.5
SPY;2018-02-12;265.34;249.11
SPY;2018-02-13;266.0;249.73
SPY;2018-02-14;269.59;253.1
SPY;2018-02-15;273.03;256.33
SPY;2018-02-16;273.11;256.4
SPY;2018-02-20;271.4;254.8
SPY;2018-02-21;270.05;253.53
SPY;2018-02-22;270.4;253.86
SPY;2018-02-23;274.71;257.91
SPY;2018-02-26;277.9;260.9
SPY;2018-02-27;274.43;257.64
SPY;2018-02-28;271.65;255.03
SPY;2018-03-01;267.7;251.32
SPY;2018-03-02;269.08;252.62
SPY;2018-03-05;272.19;255.54
SPY;2018-03-06;272.88;256.19
SPY;2018-03-07;272.78;256.09
SPY;2018-03-08;274.1;257.33
SPY;2018-03-09;278.87;261.81
SPY;2018-03-12;278.52;261.48
SPY;2018-03-13;276.72;259.79
SPY;2018-03-14;275.3;258.46
SPY;2018-03-15;275.0;258.18
SPY;2018-03-16;274.2;258.46
SPY;2018-03-19;270.49;254.96
SPY;2018-03-20;270.95;255.39
SPY;2018-03-21;270.43;254.9
SPY;2018-03-22;263.67;248.53
SPY;2018-03-23;258.05;243.23
SPY;2018-03-26;265.11;249.89
SPY;2018-03-27;260.6;245.64
SPY;2018-03-28;259.83;244.91
SPY;2018-03-29;263.15;248.04
SPY;2018-04-02;257.47;242.69
SPY;2018-04-03;260.77;245.8
SPY;2018-04-04;263.56;248.43
SPY;2018-04-05;265.64;250.39
SPY;2018-04-06;259.72;244.81
SPY;2018-04-09;261.0;246.01
SPY;2018-04-10;265.15;249.93
SPY;2018-04-11;263.76;248.62
SPY;2018-04-12;265.93;250.66
SPY;2018-04-13;265.15;249.93
SPY;2018-04-16;267.33;251.98
SPY;2018-04-17;270.19;254.68
SPY;2018-04-18;270.39;254.86
SPY;2018-04-19;268.89;253.45
SPY;2018-04-20;266.61;251.3
SPY;2018-04-23;266.57;251.26
SPY;2018-04-24;262.98;247.88
SPY;2018-04-25;263.63;248.49
SPY;2018-04-26;266.31;251.02
SPY;2018-04-27;266.56;251.25
SPY;2018-04-30;264.51;249.32
SPY;2018-05-01;264.98;249.77
SPY;2018-05-02;263.2;248.09
SPY;2018-05-03;262.62;247.54
SPY;2018-05-04;266.02;250.75
SPY;2018-05-07;266.92;251.59
SPY;2018-05-08;266.92;251.59
SPY;2018-05-09;269.5;254.03
SPY;2018-05-10;272.02;256.4
SPY;2018-05-11;272.85;257.18
SPY;2018-05-14;272.98;257.31
SPY;2018-05-15;271.1;255.53
SPY;2018-05-16;272.24;256.61
SPY;2018-05-17;272.01;256.39
SPY;2018-05-18;271.33;255.75
SPY;2018-05-21;273.37;257.67
SPY;2018-05-22;272.61;256.96
SPY;2018-05-23;273.36;257.66
SPY;2018-05-24;272.8;257.14
SPY;2018-05-25;272.15;256.52
SPY;2018-05-29;269.02;253.57
SPY;2018-05-30;272.61;256.96
SPY;2018-05-31;270.94;255.38
SPY;2018-06-01;273.6;257.89
SPY;2018-06-04;274.9;259.12
SPY;2018-06-05;275.1;259.3
SPY;2018-06-06;277.4;261.47
SPY;2018-06-07;277.37;261.44
SPY;2018-06-08;278.19;262.22
SPY;2018-06-11;278.56;262.57
SPY;2018-06-12;278.92;262.91
SPY;2018-06-13;278.03;262.07
SPY;2018-06-14;278.73;262.73
SPY;2018-06-15;277.13;262.39
SPY;2018-06-18;276.56;261.85
SPY;2018-06-19;275.5;260.85
SPY;2018-06-20;275.97;261.29
SPY;2018-06-21;274.24;259.66
SPY;2018-06-22;274.74;260.13
SPY;2018-06-25;271.0;256.59
SPY;2018-06-26;271.6;257.16
SPY;2018-06-27;269.35;255.03
SPY;2018-06-28;270.89;256.48
SPY;2018-06-29;271.28;256.85
SPY;2018-07-02;271.86;257.4
SPY;2018-07-03;270.9;256.49
SPY;2018-07-05;273.11;258.59
SPY;2018-07-06;275.42;260.77
SPY;2018-07-09;277.9;263.12
SPY;2018-07-10;278.9;264.07
SPY;2018-07-11;276.86;262.14
SPY;2018-07-12;279.37;264.51
SPY;2018-07-13;279.59;264.72
SPY;2018-07-16;279.34;264.48
SPY;2018-07-17;280.47;265.55
SPY;2018-07-18;281.06;266.11
SPY;2018-07-19;280.0;265.11
SPY;2018-07-20;279.68;264.81
SPY;2018-07-23;280.2;265.3
SPY;2018-07-24;281.61;266.63
SPY;2018-07-25;284.01;268.91
SPY;2018-07-26;283.34;268.27
SPY;2018-07-27;281.42;266.45
SPY;2018-07-30;279.95;265.06
SPY;2018-07-31;281.33;266.37
SPY;2018-08-01;280.86;265.92
SPY;2018-08-02;282.39;267.37
SPY;2018-08-03;283.6;268.52
SPY;2018-08-06;284.64;269.5
SPY;2018-08-07;285.58;270.39
SPY;2018-08-08;285.46;270.28
SPY;2018-08-09;285.07;269.91
SPY;2018-08-10;283.16;268.1
SPY;2018-08-13;282.1;267.1
SPY;2018-08-14;283.9;268.8
SPY;2018-08-15;281.78;266.79
SPY;2018-08-16;284.06;268.95
SPY;2018-08-17;285.06;269.9
SPY;2018-08-20;285.67;270.48
SPY;2018-08-21;286.34;271.11
SPY;2018-08-22;286.17;270.95
SPY;2018-08-23;285.79;270.59
SPY;2018-08-24;287.51;272.22
SPY;2018-08-27;289.78;274.37
SPY;2018-08-28;289.92;274.5
SPY;2018-08-29;291.48;275.98
SPY;2018-08-30;290.3;274.86
SPY;2018-08-31;290.31;274.87
SPY;2018-09-04;289.81;274.4
SPY;2018-09-05;289.03;273.66
SPY;2018-09-06;288.16;272.84
SPY;2018-09-07;287.6;272.31
SPY;2018-09-10;288.1;272.78
SPY;2018-09-11;289.05;273.68
SPY;2018-09-12;289.12;273.74
SPY;2018-09-13;290.83;275.36
SPY;2018-09-14;290.88;275.41
SPY;2018-09-17;289.34;273.95
SPY;2018-09-18;290.91;275.44
SPY;2018-09-19;291.22;275.73
SPY;2018-09-20;293.58;277.97
SPY;2018-09-21;291.99;277.71
SPY;2018-09-24;291.02;276.79
SPY;2018-09-25;290.75;276.53
SPY;2018-09-26;289.88;275.71
SPY;2018-09-27;290.69;276.48
SPY;2018-09-28;290.72;276.51
SPY;2018-10-01;291.73;277.47
SPY;2018-10-02;291.56;277.3
SPY;2018-10-03;291.72;277.46
SPY;2018-10-04;289.44;275.29
SPY;2018-10-05;287.82;273.75
SPY;2018-10-08;287.82;273.75
SPY;2018-10-09;287.4;273.35
SPY;2018-10-10;278.3;264.69
SPY;2018-10-11;272.17;258.86
SPY;2018-10-12;275.95;262.46
SPY;2018-10-15;274.4;260.98
SPY;2018-10-16;280.4;266.69
SPY;2018-10-17;280.45;266.74
SPY;2018-10-18;276.4;262.89
SPY;2018-10-19;276.25;262.74
SPY;2018-10-22;275.01;261.56
SPY;2018-10-23;273.61;260.23
SPY;2018-10-24;265.32;252.35
SPY;2018-10-25;270.08;256.88
SPY;2018-10-26;265.33;252.36
SPY;2018-10-29;263.86;250.96
SPY;2018-10-30;267.77;254.68
SPY;2018-10-31;270.63;257.4
SPY;2018-11-01;273.51;260.14
SPY;2018-11-02;271.89;258.6
SPY;2018-11-05;273.39;260.02
SPY;2018-11-06;275.12;261.67
SPY;2018-11-07;281.01;267.27
SPY;2018-11-08;280.5;266.79
SPY;2018-11-09;277.76;264.18
SPY;2018-11-12;272.57;259.24
SPY;2018-11-13;272.06;258.76
SPY;2018-11-14;270.2;256.99
SPY;2018-11-15;273.02;259.67
SPY;2018-11-16;273.73;260.35
SPY;2018-11-19;269.1;255.94
SPY;2018-11-20;264.12;251.21
SPY;2018-11-21;265.02;252.06
SPY;2018-11-23;263.25;250.38
SPY;2018-11-26;267.5;254.42
SPY;2018-11-27;268.4;255.28
SPY;2018-11-28;274.58;261.16
SPY;2018-11-29;273.98;260.58
SPY;2018-11-30;275.65;262.17
SPY;2018-12-03;279.3;265.64
SPY;2018-12-04;270.25;257.04
SPY;2018-12-06;269.84;256.65
SPY;2018-12-07;263.57;250.68
SPY;2018-12-10;264.07;251.16
SPY;2018-12-11;264.13;251.22
SPY;2018-12-12;265.46;252.48
SPY;2018-12-13;265.37;252.4
SPY;2018-12-14;260.47;247.73
SPY;2018-12-17;255.36;242.87
SPY;2018-12-18;255.08;242.61
SPY;2018-12-19;251.26;238.98
SPY;2018-12-20;247.17;235.09
SPY;2018-12-21;240.7;230.3
SPY;2018-12-24;234.34;224.21
SPY;2018-12-26;246.18;235.54
SPY;2018-12-27;248.07;237.35
SPY;2018-12-28;247.75;237.04
SPY;2018-12-31;249.92;239.12
SPY;2019-01-02;250.18;239.37
SPY;2019-01-03;244.21;233.66
SPY;2019-01-04;252.39;241.48
SPY;2019-01-07;254.38;243.39
SPY;2019-01-08;256.77;245.67
SPY;2019-01-09;257.97;246.82
SPY;2019-01-10;258.88;247.69
SPY;2019-01-11;258.98;247.79
SPY;2019-01-14;257.4;246.28
SPY;2019-01-15;260.35;249.1
SPY;2019-01-16;260.98;249.7
SPY;2019-01-17;262.96;251.59
SPY;2019-01-18;266.46;254.94
SPY;2019-01-22;262.86;251.5
SPY;2019-01-23;263.41;252.03
SPY;2019-01-24;263.55;252.16
SPY;2019-01-25;265.78;254.29
SPY;2019-01-28;263.76;252.36
SPY;2019-01-29;263.41;252.03
SPY;2019-01-30;267.58;256.02
SPY;2019-01-31;269.93;258.26
SPY;2019-02-01;270.06;258.39
SPY;2019-02-04;271.96;260.21
SPY;2019-02-05;273.1;261.3
SPY;2019-02-06;272.74;260.95
SPY;2019-02-07;270.14;258.46
SPY;2019-02-08;270.47;258.78
SPY;2019-02-11;270.62;258.92
SPY;2019-02-12;274.1;262.25
SPY;2019-02-13;274.99;263.1
SPY;2019-02-14;274.38;262.52
SPY;2019-02-15;277.37;265.38
SPY;2019-02-19;277.85;265.84
SPY;2019-02-20;278.41;266.38
SPY;2019-02-21;277.42;265.43
SPY;2019-02-22;279.14;267.08
SPY;2019-02-25;279.52;267.44
SPY;2019-02-26;279.32;267.25
SPY;2019-02-27;279.2;267.13
SPY;2019-02-28;278.68;266.64
SPY;2019-03-01;280.42;268.3
SPY;2019-03-04;279.4;267.32
SPY;2019-03-05;279.02;266.96
SPY;2019-03-06;277.33;265.34
SPY;2019-03-07;275.01;263.12
SPY;2019-03-08;274.46;262.6
SPY;2019-03-11;278.44;266.41
SPY;2019-03-12;279.49;267.41
SPY;2019-03-13;281.34;269.18
SPY;2019-03-14;281.16;269.01
SPY;2019-03-15;281.31;270.33
SPY;2019-03-18;282.33;271.31
SPY;2019-03-19;282.4;271.38
SPY;2019-03-20;281.55;270.56
SPY;2019-03-21;284.73;273.62
SPY;2019-03-22;279.25;268.35
SPY;2019-03-25;279.04;268.15
SPY;2019-03-26;281.12;270.15
SPY;2019-03-27;279.65;268.74
SPY;2019-03-28;280.71;269.75
SPY;2019-03-29;282.48;271.46
SPY;2019-04-01;285.83;274.68
SPY;2019-04-02;285.97;274.81
SPY;2019-04-03;286.42;275.24
SPY;2019-04-04;287.18;275.97
SPY;2019-04-05;288.57;277.31
SPY;2019-04-08;288.79;277.52
SPY;2019-04-09;287.31;276.1
SPY;2019-04-10;288.29;277.04
SPY;2019-04-11;288.21;276.96
SPY;2019-04-12;290.16;278.84
SPY;2019-04-15;289.97;278.65
SPY;2019-04-16;290.16;278.84
SPY;2019-04-17;289.45;278.15
SPY;2019-04-18;290.02;278.7
SPY;2019-04-22;290.27;278.94
SPY;2019-04-23;292.88;281.45
SPY;2019-04-24;292.23;280.83
SPY;2019-04-25;292.05;280.65
SPY;2019-04-26;293.41;281.96
SPY;2019-04-29;293.87;282.4
SPY;2019-04-30;294.02;282.55
SPY;2019-05-01;291.81;280.42
SPY;2019-05-02;291.18;279.82
SPY;2019-05-03;294.03;282.56
SPY;2019-05-06;292.82;281.39
SPY;2019-05-07;287.93;276.69
SPY;2019-05-08;287.53;276.31
SPY;2019-05-09;286.66;275.47
SPY;2019-05-10;288.1;276.86
SPY;2019-05-13;280.86;269.9
SPY;2019-05-14;283.4;272.34
SPY;2019-05-15;285.06;273.94
SPY;2019-05-16;287.7;276.47
SPY;2019-05-17;285.84;274.68
SPY;2019-05-20;283.95;272.87
SPY;2019-05-21;286.51;275.33
SPY;2019-05-22;285.63;274.48
SPY;2019-05-23;282.14;271.13
SPY;2019-05-24;282.78;271.74
SPY;2019-05-28;280.15;269.22
SPY;2019-05-29;278.27;267.41
SPY;2019-05-30;279.03;268.14
SPY;2019-05-31;275.27;264.53
SPY;2019-06-03;274.57;263.85
SPY;2019-06-04;280.53;269.58
SPY;2019-06-05;282.96;271.92
SPY;2019-06-06;284.8;273.69
SPY;2019-06-07;287.65;276.42
SPY;2019-06-10;288.97;277.69
SPY;2019-06-11;288.9;277.63
SPY;2019-06-12;288.39;277.14
SPY;2019-06-13;289.58;278.28
SPY;2019-06-14;289.26;277.97
SPY;2019-06-17;289.37;278.08
SPY;2019-06-18;292.4;280.99
SPY;2019-06-19;293.06;281.62
SPY;2019-06-20;295.86;284.31
SPY;2019-06-21;294.0;283.9
SPY;2019-06-24;293.64;283.55
SPY;2019-06-25;290.76;280.77
SPY;2019-06-26;290.47;280.49
SPY;2019-06-27;291.5;281.49
SPY;2019-06-28;293.0;282.94
SPY;2019-07-01;295.66;285.5
SPY;2019-07-02;296.43;286.25
SPY;2019-07-03;298.8;288.54
SPY;2019-07-05;298.46;288.21
SPY;2019-07-08;296.82;286.63
SPY;2019-07-09;297.19;286.98
SPY;2019-07-10;298.61;288.35
SPY;2019-07-11;299.31;289.03
SPY;2019-07-12;300.65;290.32
SPY;2019-07-15;300.75;290.42
SPY;2019-07-16;299.78;289.48
SPY;2019-07-17;297.74;287.51
SPY;2019-07-18;298.83;288.57
SPY;2019-07-19;297.17;286.96
SPY;2019-07-22;297.9;287.67
SPY;2019-07-23;300.03;289.72
SPY;2019-07-24;301.44;291.09
SPY;2019-07-25;300.0;289.7
SPY;2019-07-26;302.01;291.64
SPY;2019-07-29;301.46;291.11
SPY;2019-07-30;300.72;290.39
SPY;2019-07-31;297.43;287.21
SPY;2019-08-01;294.84;284.71
SPY;2019-08-02;292.62;282.57
SPY;2019-08-05;283.82;274.07
SPY;2019-08-06;287.8;277.91
SPY;2019-08-07;287.97;278.08
SPY;2019-08-08;293.62;283.53
SPY;2019-08-09;291.62;281.6
SPY;2019-08-12;288.07;278.18
SPY;2019-08-13;292.55;282.5
SPY;2019-08-14;283.9;274.15
SPY;2019-08-15;284.65;274.87
SPY;2019-08-16;288.85;278.93
SPY;2019-08-19;292.33;282.29
SPY;2019-08-20;290.09;280.13
SPY;2019-08-21;292.45;282.41
SPY;2019-08-22;292.36;282.32
SPY;2019-08-23;284.85;275.07
SPY;2019-08-26;288.0;278.11
SPY;2019-08-27;286.87;277.02
SPY;2019-08-28;288.89;278.97
SPY;2019-08-29;292.58;282.53
SPY;2019-08-30;292.45;282.41
SPY;2019-09-03;290.74;280.75
SPY;2019-09-04;294.04;283.94
SPY;2019-09-05;297.82;287.59
SPY;2019-09-06;298.05;287.81
SPY;2019-09-09;298.2;287.96
SPY;2019-09-10;298.13;287.89
SPY;2019-09-11;300.25;289.94
SPY;2019-09-12;301.29;290.94
SPY;2019-09-13;301.09;290.75
SPY;2019-09-16;300.16;289.85
SPY;2019-09-17;300.92;290.58
SPY;2019-09-18;301.1;290.76
SPY;2019-09-19;301.08;290.74
SPY;2019-09-20;298.28;289.37
SPY;2019-09-23;298.21;289.3
SPY;2019-09-24;295.87;287.03
SPY;2019-09-25;297.62;288.73
SPY;2019-09-26;297.0;288.13
SPY;2019-09-27;295.4;286.58
SPY;2019-09-30;296.77;287.91
SPY;2019-10-01;293.24;284.48
SPY;2019-10-02;288.06;279.46
SPY;2019-10-03;290.42;281.75
SPY;2019-10-04;294.35;285.56
SPY;2019-10-07;293.08;284.33
SPY;2019-10-08;288.53;279.91
SPY;2019-10-09;291.27;282.57
SPY;2019-10-10;293.24;284.48
SPY;2019-10-11;296.28;287.43
SPY;2019-10-14;295.95;287.11
SPY;2019-10-15;298.88;289.95
SPY;2019-10-16;298.4;289.49
SPY;2019-10-17;299.28;290.34
SPY;2019-10-18;297.97;289.07
SPY;2019-10-21;299.99;291.03
SPY;2019-10-22;299.01;290.08
SPY;2019-10-23;299.88;290.92
SPY;2019-10-24;300.37;291.4
SPY;2019-10-25;301.6;292.59
SPY;2019-10-28;303.3;294.24
SPY;2019-10-29;303.21;294.15
SPY;2019-10-30;304.14;295.06
SPY;2019-10-31;303.33;294.27
SPY;2019-11-01;306.14;297.0
SPY;2019-11-04;307.37;298.19
SPY;2019-11-05;307.03;297.86
SPY;2019-11-06;307.1;297.93
SPY;2019-11-07;308.18;298.98
SPY;2019-11-08;308.94;299.71
SPY;2019-11-11;308.35;299.14
SPY;2019-11-12;309.0;299.77
SPY;2019-11-13;309.1;299.87
SPY;2019-11-14;309.55;300.3
SPY;2019-11-15;311.79;302.48
SPY;2019-11-18;312.02;302.7
SPY;2019-11-19;311.93;302.61
SPY;2019-11-20;310.77;301.49
SPY;2019-11-21;310.27;301.0
SPY;2019-11-22;310.96;301.67
SPY;2019-11-25;313.37;304.01
SPY;2019-11-26;314.08;304.7
SPY;2019-11-27;315.48;306.06
SPY;2019-11-29;314.31;304.92
SPY;2019-12-02;311.64;302.33
SPY;2019-12-03;309.55;300.3
SPY;2019-12-04;311.46;302.16
SPY;2019-12-05;312.02;302.7
SPY;2019-12-06;314.87;305.47
SPY;2019-12-09;313.88;304.51
SPY;2019-12-10;313.53;304.17
SPY;2019-12-11;314.42;305.03
SPY;2019-12-12;317.13;307.66
SPY;2019-12-13;317.32;307.84
SPY;2019-12-16;319.5;309.96
SPY;2019-12-17;319.57;310.03
SPY;2019-12-18;319.59;310.04
SPY;2019-12-19;320.9;311.32
SPY;2019-12-20;320.73;312.67
SPY;2019-12-23;321.22;313.15
SPY;2019-12-24;321.23;313.16
SPY;2019-12-26;322.94;314.83
SPY;2019-12-27;322.86;314.75
SPY;2019-12-30;321.08;313.01
SPY;2019-12-31;321.86;313.78
SPY;2020-01-02;324.87;316.71
SPY;2020-01-03;322.41;314.31
SPY;2020-01-06;323.64;315.51
SPY;2020-01-07;322.73;314.62
SPY;2020-01-08;324.45;316.3
SPY;2020-01-09;326.65;318.44
SPY;2020-01-10;325.71;317.53
SPY;2020-01-13;327.95;319.71
SPY;2020-01-14;327.45;319.22
SPY;2020-01-15;328.19;319.95
SPY;2020-01-16;330.92;322.61
SPY;2020-01-17;331.95;323.61
SPY;2020-01-21;331.3;322.98
SPY;2020-01-22;331.34;323.02
SPY;2020-01-23;331.72;323.39
SPY;2020-01-24;328.77;320.51
SPY;2020-01-27;323.5;315.37
SPY;2020-01-28;326.89;318.68
SPY;2020-01-29;326.62;318.42
SPY;2020-01-30;327.68;319.45
SPY;2020-01-31;321.73;313.65
SPY;2020-02-03;324.12;315.98
SPY;2020-02-04;329.06;320.79
SPY;2020-02-05;332.86;324.5
SPY;2020-02-06;333.98;325.59
SPY;2020-02-07;332.2;323.86
SPY;2020-02-10;334.68;326.27
SPY;2020-02-11;335.26;326.84
SPY;2020-02-12;337.42;328.94
SPY;2020-02-13;337.06;328.59
SPY;2020-02-14;337.6;329.12
SPY;2020-02-18;336.73;328.27
SPY;2020-02-19;338.34;329.84
SPY;2020-02-20;336.95;328.49
SPY;2020-02-21;333.48;325.1
SPY;2020-02-24;322.42;314.32
SPY;2020-02-25;312.65;304.8
SPY;2020-02-26;311.5;303.68
SPY;2020-02-27;297.51;290.04
SPY;2020-02-28;296.26;288.82
SPY;2020-03-02;309.09;301.33
SPY;2020-03-03;300.24;292.7
SPY;2020-03-04;312.86;305.0
SPY;2020-03-05;302.46;294.86
SPY;2020-03-06;297.46;289.99
SPY;2020-03-09;274.23;267.34
SPY;2020-03-10;288.42;281.18
SPY;2020-03-11;274.36;267.47
SPY;2020-03-12;248.11;241.88
SPY;2020-03-13;269.32;262.55
SPY;2020-03-16;239.85;233.83
SPY;2020-03-17;252.8;246.45
SPY;2020-03-18;240.0;233.97
SPY;2020-03-19;240.51;234.47
SPY;2020-03-20;228.8;224.42
SPY;2020-03-23;222.95;218.68
SPY;2020-03-24;243.15;238.5
SPY;2020-03-25;246.79;242.07
SPY;2020-03-26;261.2;256.2
SPY;2020-03-27;253.42;248.57
SPY;2020-03-30;261.65;256.64
SPY;2020-03-31;257.75;252.82
SPY;2020-04-01;246.15;241.44
SPY;2020-04-02;251.83;247.01
SPY;2020-04-03;248.19;243.44
SPY;2020-04-06;264.86;259.79
SPY;2020-04-07;265.13;260.06
SPY;2020-04-08;274.03;268.79
SPY;2020-04-09;278.2;272.88
SPY;2020-04-13;275.66;270.39
SPY;2020-04-14;283.79;278.36
SPY;2020-04-15;277.76;272.45
SPY;2020-04-16;279.1;273.76
SPY;2020-04-17;286.64;281.16
SPY;2020-04-20;281.59;276.2
SPY;2020-04-21;273.04;267.82
SPY;2020-04-22;279.1;273.76
SPY;2020-04-23;279.08;273.74
SPY;2020-04-24;282.97;277.56
SPY;2020-04-27;287.05;281.56
SPY;2020-04-28;285.73;280.26
SPY;2020-04-29;293.21;287.6
SPY;2020-04-30;290.48;284.92
SPY;2020-05-01;282.79;277.38
SPY;2020-05-04;283.57;278.15
SPY;2020-05-05;286.19;280.72
SPY;2020-05-06;284.25;278.81
SPY;2020-05-07;287.68;282.18
SPY;2020-05-08;292.44;286.85
SPY;2020-05-11;292.5;286.9
SPY;2020-05-12;286.67;281.19
SPY;2020-05-13;281.6;276.21
SPY;2020-05-14;284.97;279.52
SPY;2020-05-15;286.28;280.8
SPY;2020-05-18;295.0;289.36
SPY;2020-05-19;291.97;286.38
SPY;2020-05-20;296.93;291.25
SPY;2020-05-21;294.88;289.24
SPY;2020-05-22;295.44;289.79
SPY;2020-05-26;299.08;293.36
SPY;2020-05-27;303.53;297.72
SPY;2020-05-28;302.97;297.17
SPY;2020-05-29;304.32;298.5
SPY;2020-06-01;305.55;299.7
SPY;2020-06-02;308.08;302.19
SPY;2020-06-03;312.18;306.21
SPY;2020-06-04;311.36;305.4
SPY;2020-06-05;319.34;313.23
SPY;2020-06-08;323.2;317.02
SPY;2020-06-09;320.79;314.65
SPY;2020-06-10;319.0;312.9
SPY;2020-06-11;300.61;294.86
SPY;2020-06-12;304.21;298.39
SPY;2020-06-15;307.05;301.18
SPY;2020-06-16;312.96;306.97
SPY;2020-06-17;311.66;305.7
SPY;2020-06-18;311.78;305.82
SPY;2020-06-19;308.64;304.08
SPY;2020-06-22;310.62;306.03
SPY;2020-06-23;312.05;307.44
SPY;2020-06-24;304.09;299.59
SPY;2020-06-25;307.35;302.8
SPY;2020-06-26;300.05;295.61
SPY;2020-06-29;304.46;299.96
SPY;2020-06-30;308.36;303.8
SPY;2020-07-01;310.52;305.93
SPY;2020-07-02;312.23;307.61
SPY;2020-07-06;317.05;312.36
SPY;2020-07-07;313.78;309.14
SPY;2020-07-08;316.18;311.5
SPY;2020-07-09;314.38;309.73
SPY;2020-07-10;317.59;312.89
